step,increment_stage,loading_direction,loading_half_cycle,loading_cycle,step_in_loading_half_cycle,relative_target_shear_strain,target_shear_strain,relative_shear_strain,actual_shear_strain,current_slab_spacing_angstrom,top_shear_stress_mpa,bottom_shear_stress_mpa,sigma_xx_mpa,sigma_yy_mpa,sigma_zz_mpa,sigma_xy_mpa,sigma_xz_mpa,sigma_yz_mpa,converged
0,reference,-x,1,1,0,0.0,0.017499999999999998,0.0,0.017499999999999998,204.65239845687188,20.437487913847654,-20.437487913847654,-22.651128506743255,82.37959683496054,17.086014351147526,20.437487913847654,0.6801011100876652,0.00020231592688958324,True
1,initial,-x,1,1,1,-0.00025,0.017249999999999998,-0.0002499999999999874,0.017250000000000012,204.65239845687188,13.838345632979026,-13.838345632979026,-24.456386330423967,81.20732997155419,18.61459863882142,13.838345632979026,0.7675418886637432,-0.0006146278111160518,True
2,initial,-x,1,1,2,-0.0005,0.016999999999999998,-0.0005000000000000051,0.016999999999999994,204.6523984568719,2.391509794539897,-2.391509794539897,-28.30415465486142,79.5444343114752,21.380397735859255,2.391509794539897,0.7178418112117,-2.9864768453763368e-05,True
3,initial,-x,1,1,3,-0.00075,0.016749999999999998,-0.0007500000000000054,0.016749999999999994,204.6523984568719,-9.239986712810047,9.239986712810047,-32.418130343669475,77.82410409082874,24.200370795823027,-9.239986712810047,0.6132229680030634,-0.0003466899948346631,True
4,initial,-x,1,1,4,-0.001,0.016499999999999997,-0.0010000000000000037,0.016499999999999994,204.6523984568719,-19.413220590863695,19.413220590863695,-36.21313465304597,76.43068866574065,26.700337190662268,-19.413220590863695,0.41981146967405036,-0.0001511782066136405,True
5,initial,-x,1,1,5,-0.00125,0.016249999999999997,-0.001250000000000002,0.016249999999999997,204.6523984568719,11.91852706191244,-11.91852706191244,-25.084220799145996,80.92855101162827,19.077641756622643,11.91852706191244,-0.7631473899977558,-0.0005117861436742167,True
6,initial,-x,1,1,6,-0.0015,0.015999999999999997,-0.0014999999999999935,0.016000000000000004,204.6523984568719,0.32560822554428887,-0.32560822554428887,-29.021260427600016,79.24092017951921,21.880744094681738,0.32560822554428887,-0.7034259600656138,1.721140001351059e-05,True
7,initial,-x,1,1,7,-0.00175,0.015749999999999997,-0.0017500000000000026,0.015749999999999997,204.6523984568719,-11.200613836082848,11.200613836082848,-33.1313147884021,77.5351699069945,24.677482918856768,-11.200613836082848,-0.5880643495328259,-6.353627100050525e-06,True
8,initial,-x,1,1,8,-0.002,0.015499999999999998,-0.0020000000000000052,0.015499999999999993,204.6523984568719,-20.65242765858184,20.65242765858184,-36.711693041364235,76.33702878835108,27.02037499928167,-20.65242765858184,-0.3613322642284307,0.0003833796058625447,True
9,initial,-x,1,1,9,-0.0022500000000000003,0.015249999999999998,-0.002249999999999999,0.01525,204.6523984568719,9.943883836942108,-9.943883836942108,-25.73816910363108,80.64254841439174,19.55390747053688,9.943883836942108,0.7570391464080325,-0.0002433506072059267,True
10,initial,-x,1,1,10,-0.0025,0.014999999999999998,-0.002499999999999991,0.015000000000000006,204.6523984568719,-1.7380857652176933,1.7380857652176933,-29.74308406548894,78.93648878429862,22.380515841404776,-1.7380857652176933,0.6874829250328387,3.97201278285525e-05,True
11,initial,-x,1,1,11,-0.00275,0.01475,-0.0027499999999999955,0.014750000000000003,204.6523984568719,-13.11363317459483,13.11363317459483,-33.833555547600206,77.25682886941054,25.143976256186548,-13.11363317459483,0.5603467690338835,8.488919667767685e-06,True
12,initial,-x,1,1,12,-0.003,0.014499999999999999,-0.003,0.014499999999999999,204.6523984568719,-21.25550943546715,21.25550943546715,-37.003655624488616,76.41172527675286,27.20038186964274,-21.25550943546715,0.2769867694269731,-0.0004607597511320435,True
13,initial,-x,1,1,13,-0.0032500000000000003,0.014249999999999999,-0.003250000000000003,0.014249999999999995,204.6523984568719,7.930033912971578,-7.930033912971578,-26.412920756904583,80.35096811812886,20.040135626947027,7.930033912971578,-0.7486087623903576,-0.000409002211880554,True
14,initial,-x,1,1,14,-0.0035,0.013999999999999999,-0.0034999999999999966,0.014000000000000002,204.6523984568719,-3.7922731599811486,3.7922731599811486,-30.467567769205143,78.6323573757761,22.878221910931202,-3.7922731599811486,-0.6698610500925529,3.218032278854791e-05,True
15,initial,-x,1,1,15,-0.00375,0.013749999999999998,-0.0037499999999999908,0.013750000000000007,204.6523984568719,-14.963947660246252,14.963947660246252,-34.51979626645587,76.99362931995572,25.5967045688543,-14.963947660246252,-0.52933838716477,1.4858195012850259e-06,True
16,initial,-x,1,1,16,-0.004,0.013499999999999998,-0.0040000000000000036,0.013499999999999995,204.6523984568719,16.90557326913792,-16.90557326913792,-23.479236989301327,81.65874521374934,17.878567745279604,16.90557326913792,0.767677234528544,0.0003524694858224624,True
17,initial,-x,1,1,17,-0.00425,0.013249999999999998,-0.004250000000000005,0.013249999999999994,204.6523984568719,5.890027045956997,-5.890027045956997,-27.1042372413792,80.05496795406927,20.533826627788265,5.890027045956997,0.7386792240527634,-5.760026820275837e-05,True
18,initial,-x,1,1,18,-0.0045000000000000005,0.012999999999999998,-0.004499999999999998,0.013000000000000001,204.6523984568719,-5.831205098865817,5.831205098865817,-31.192343470845366,78.32968013994802,23.372470602925286,-5.831205098865817,0.6504420359031278,-0.00014008154955499498,True
19,initial,-x,1,1,19,-0.00475,0.012749999999999997,-0.004749999999999994,0.012750000000000004,204.6523984568719,-16.728676626535826,16.728676626535826,-35.18226413539405,76.75274175920852,26.03078688961628,-16.728676626535826,0.4941006735591368,-3.0066511790972788e-05,True
20,initial,-x,1,1,20,-0.005,0.012499999999999997,-0.004999999999999997,0.0125,204.6523984568719,15.1363360547057,-15.1363360547057,-24.038163895785907,81.39683096178169,18.302176020264625,15.1363360547057,-0.7686459666211568,-0.0003005351066114189,True
21,initial,-x,1,1,21,-0.00525,0.012249999999999997,-0.005249999999999995,0.012250000000000004,204.6523984568719,3.8334836254683315,-3.8334836254683315,-27.807440661146458,79.75539875455809,21.031469269068236,3.8334836254683315,-0.726976307572069,6.611068658417543e-05,True
22,initial,-x,1,1,22,-0.0055,0.011999999999999999,-0.0055,0.011999999999999999,204.6523984568719,-7.8478599150119415,7.8478599150119415,-31.915567928898163,78.03030278789234,23.862118636051243,-7.8478599150119415,-0.6291709267879202,-0.00014657533460440825,True
23,initial,-x,1,1,23,-0.00575,0.011749999999999998,-0.0057500000000000025,0.011749999999999997,204.6523984568719,-18.37147955924694,18.37147955924694,-35.80846345951022,76.54554298008011,26.438456170132806,-18.37147955924694,-0.4531634116732459,5.937961414584232e-05,True
24,initial,-x,1,1,24,-0.006,0.011499999999999998,-0.00599999999999999,0.011500000000000008,204.6523984568719,13.265729413045992,-13.265729413045992,-24.642281832053815,81.12425097627433,18.75237710007484,13.265729413045992,0.7663435040185015,0.00013291284480360698,True
25,initial,-x,1,1,25,-0.00625,0.011249999999999998,-0.006249999999999997,0.011250000000000001,204.6523984568719,1.7692892287089657,-1.7692892287089657,-28.519495698711896,79.4530912810493,21.531021129490753,1.7692892287089657,0.7136694692088266,-1.886612297352337e-05,True
26,initial,-x,1,1,26,-0.006500000000000001,0.010999999999999998,-0.006500000000000003,0.010999999999999996,204.6523984568719,-9.835116860056056,9.835116860056056,-32.63399887596064,77.73613630680141,24.345175654068537,-9.835116860056056,0.6058102530129728,-5.245669932455401e-06,True
27,initial,-x,1,1,27,-0.00675,0.01075,-0.006750000000000003,0.010749999999999996,204.6523984568719,-19.824672537551628,19.824672537551628,-36.37564192383439,76.39183043511179,26.805068005771286,-19.824672537551628,0.4037798178556954,-0.000210687241646121,True
28,initial,-x,1,1,28,-0.007,0.010499999999999999,-0.006999999999999996,0.010500000000000002,204.6523984568719,11.328029208467768,-11.328029208467768,-25.278741510230844,80.84301284296387,19.219868916636912,11.328029208467768,-0.761628132622916,2.015587597063293e-05,True
29,initial,-x,1,1,29,-0.00725,0.010249999999999999,-0.007249999999999983,0.010250000000000016,204.6523984568719,-0.2973215095726597,0.2973215095726597,-29.23846435165268,79.1492540896521,22.031653598478112,-0.2973215095726597,-0.6987972592288374,-3.548626222407462e-05,True
30,initial,-x,1,1,30,-0.0075,0.009999999999999998,-0.0075000000000000075,0.009999999999999992,204.6523984568719,-11.782635832060535,11.782635832060535,-33.344263397443704,77.44995807214944,24.81927012606766,-11.782635832060535,-0.5800278519088028,-8.015885212740437e-06,True
31,initial,-x,1,1,31,-0.00775,0.009749999999999998,-0.007750000000000001,0.009749999999999998,204.6523984568719,-20.932384034371996,20.932384034371996,-36.83164755101689,76.33417280645047,27.096313344105344,-20.932384034371996,-0.3397617113035951,0.00022701161348775978,True
32,initial,-x,1,1,32,-0.008,0.009499999999999998,-0.008000000000000005,0.009499999999999993,204.6523984568719,9.339886065779341,-9.339886065779341,-25.93999263034659,80.55532458482567,19.70003681438579,9.339886065779341,0.7546100032989095,0.00030438041132718714,True
33,initial,-x,1,1,33,-0.00825,0.009249999999999998,-0.008249999999999992,0.009250000000000006,204.6523984568719,-2.3585851191183194,2.3585851191183194,-29.961269824595785,78.84478314029609,22.530832038725215,-2.3585851191183194,0.6823558703615799,5.215857636848927e-05,True
34,initial,-x,1,1,34,-0.0085,0.008999999999999998,-0.008499999999999995,0.009000000000000003,204.6523984568719,-13.678890725059558,13.678890725059558,-34.042379209809084,77.17563748169786,25.282086646951107,-13.678890725059558,0.5513944308244899,5.881117133998819e-06,True
35,initial,-x,1,1,35,-0.00875,0.008749999999999997,-0.008749999999999996,0.008750000000000003,204.6523984568719,-21.12062974178134,21.12062974178134,-36.98818550244572,76.5124730138025,27.183804292218753,-21.12062974178134,0.2392106326333086,-0.00039802170110212376,True
36,initial,-x,1,1,36,-0.009000000000000001,0.008499999999999997,-0.008999999999999998,0.0085,204.65239845687188,7.317626118114495,-7.317626118114495,-26.61973659729426,80.26217049289708,20.188279757916376,7.317626118114495,-0.7459192608687032,-1.487752037328157e-05,True
37,initial,-x,1,1,37,-0.00925,0.008249999999999999,-0.009250000000000003,0.008249999999999995,204.65239845687188,-4.408550194173057,4.408550194173057,-30.68603372513429,78.54087428807844,23.027562082195548,-4.408550194173057,-0.664091351606334,-5.444146763564063e-05,True
38,initial,-x,1,1,38,-0.0095,0.007999999999999998,-0.00949999999999999,0.008000000000000009,204.65239845687188,-15.506225231899933,15.506225231899933,-34.722421037457174,76.91827193842136,25.72979634273647,-15.506225231899933,-0.5192252857112462,8.542629727988417e-06,True
39,initial,-x,1,1,39,-0.00975,0.007749999999999998,-0.009749999999999998,0.00775,204.65239845687188,16.384566331297535,-16.384566331297535,-23.642084665866403,81.58122278403596,18.002950618338954,16.384566331297535,0.7683185267461392,0.0008037087804333285,True
40,initial,-x,1,1,40,-0.01,0.007499999999999998,-0.009999999999999995,0.007500000000000003,204.65239845687188,5.271683461787296,-5.271683461787296,-27.315001996582644,79.96499465364785,20.683418536282627,5.271683461787296,0.7353237596743507,-3.3131353161220806e-05,True
41,initial,-x,1,1,41,-0.01025,0.007249999999999998,-0.010250000000000006,0.0072499999999999926,204.65239845687188,-6.441514336773087,6.441514336773087,-31.41074532712141,78.23908251675817,23.520740188664853,-6.441514336773087,0.6442637240900634,4.1791213850222165e-05,True
42,initial,-x,1,1,42,-0.0105,0.0069999999999999975,-0.0105,0.0069999999999999975,204.65239845687188,-17.2389463289228,17.2389463289228,-35.375566681480244,76.68606454671138,26.1569275944484,-17.2389463289228,0.4824691121167067,-3.5610637339079e-05,True
43,initial,-x,1,1,43,-0.010750000000000001,0.006749999999999997,-0.010749999999999987,0.006750000000000011,204.65239845687188,14.581066930416187,-14.581066930416187,-24.21712540297861,81.31580451134074,18.43654984178132,14.581066930416187,-0.7679584044598969,-0.0014139397817862116,True
44,initial,-x,1,1,44,-0.011,0.006499999999999999,-0.01100000000000001,0.006499999999999988,204.65239845687188,3.212388638166445,-3.212388638166445,-28.021107860267037,79.66447468590516,21.181762172956184,3.212388638166445,-0.7231283821186246,2.1205053668559506e-05,True
45,initial,-x,1,1,45,-0.01125,0.006249999999999999,-0.01124999999999999,0.006250000000000009,204.65239845687188,-8.45018599540106,8.45018599540106,-32.132472813549526,77.94090495005972,24.00829375154563,-8.45018599540106,-0.6221454179812894,-0.0007352816469115227,True
46,initial,-x,1,1,46,-0.0115,0.005999999999999998,-0.011500000000000002,0.005999999999999997,204.65239845687188,-18.83399798833987,18.83399798833987,-35.98715683743207,76.49226170033162,26.554264224961084,-18.83399798833987,-0.4393582640573454,8.716949449404438e-05,True
47,initial,-x,1,1,47,-0.01175,0.005749999999999998,-0.011750000000000007,0.005749999999999991,204.65239845687188,12.688539674050782,-12.688539674050782,-24.8310017504482,81.04026053432938,18.89162967337655,12.688539674050782,0.7654827451645267,-0.0004980701335176178,True
48,initial,-x,1,1,48,-0.012,0.005499999999999998,-0.011999999999999988,0.00550000000000001,204.65239845687188,1.146595454437805,-1.146595454437805,-28.7355613615139,79.36165686390191,21.681850316134376,1.146595454437805,0.7093463498508594,-1.5361621389975652e-05,True
49,initial,-x,1,1,49,-0.01225,0.005249999999999998,-0.012250000000000002,0.005249999999999996,204.65239845687188,-10.426470924339393,10.426470924339393,-32.84901512546097,77.64889067124814,24.489024606156335,-10.426470924339393,0.5983061689337866,2.6738535652461418e-06,True
50,initial,-x,1,1,50,-0.0125,0.0049999999999999975,-0.0125,0.0049999999999999975,204.65239845687188,-20.206324460780507,20.206324460780507,-36.5285671553235,76.36129188883605,26.903283928239443,-20.206324460780507,0.38650770472832824,-0.0002799931992369861,True
51,initial,-x,1,1,51,-0.012750000000000001,0.004749999999999997,-0.012750000000000004,0.004749999999999994,204.65239845687188,10.733699613394977,-10.733699613394977,-25.475218535404924,80.75690528706718,19.36297465391056,10.733699613394977,-0.7598803292016173,0.00048330941127260643,True
52,initial,-x,1,1,52,-0.013000000000000001,0.004499999999999997,-0.012999999999999994,0.004500000000000004,204.65239845687188,-0.9192688260265965,0.9192688260265965,-29.455934832288158,79.05748565714526,22.182234026470134,-0.9192688260265965,-0.6940183755253959,-3.6737831093711094e-05,True
53,initial,-x,1,1,53,-0.01325,0.004249999999999999,-0.013249999999999998,0.00425,204.65239845687188,-12.360518515913304,12.360518515913304,-33.55622330739593,77.36587788906675,24.960171385706154,-12.360518515913304,-0.5717360739013888,-8.626481441905785e-06,True
54,initial,-x,1,1,54,-0.0135,0.003999999999999998,-0.013499999999999996,0.004000000000000002,204.65239845687188,-21.142550355826458,21.142550355826458,-36.92890425343501,76.34973295015212,27.15692929711072,-21.142550355826458,-0.3154458052612241,0.00026041800369260525,True
55,initial,-x,1,1,55,-0.01375,0.003749999999999998,-0.013749999999999998,0.00375,204.65239845687188,8.733216838915789,-8.733216838915789,-26.14312185486803,80.46752672208454,19.846481646572933,8.733216838915789,0.7521210924912466,0.0003526294560371078,True
56,initial,-x,1,1,56,-0.014,0.003499999999999998,-0.014,0.003499999999999998,204.65239845687188,-2.977771481820524,2.977771481820524,-30.179577968223157,78.75310018979607,22.680855214676534,-2.977771481820524,0.6770898756049427,1.3985400187388479e-05,True
57,initial,-x,1,1,57,-0.01425,0.0032499999999999977,-0.014249999999999992,0.0032500000000000064,204.65239845687188,-14.237550947513434,14.237550947513434,-34.249495253460424,77.09593915732096,25.418731156053585,-14.237550947513434,0.5421108051555057,4.349236254910118e-06,True
58,initial,-x,1,1,58,-0.0145,0.0029999999999999975,-0.014500000000000018,0.00299999999999998,204.65239845687188,-20.51453162257961,20.51453162257961,-36.81955936067719,76.72156428886201,27.060799391210374,-20.51453162257961,0.18383541686402552,0.00016377341732209117,True
59,initial,-x,1,1,59,-0.014750000000000001,0.0027499999999999972,-0.014749999999999994,0.002750000000000004,204.65239845687188,6.7033257729342255,-6.7033257729342255,-26.82777687160688,80.17296467327316,20.336897161944346,6.7033257729342255,-0.7429615464394799,0.00012453635251533608,True
60,initial,-x,1,1,60,-0.015,0.0024999999999999988,-0.015000000000000001,0.002499999999999997,204.65239845687188,-5.023401842257499,5.023401842257499,-30.90459950773292,78.44968756345592,23.17670016996849,-5.023401842257499,-0.6584099411586066,0.00012301719861056916,True
61,initial,-x,1,1,61,-0.01525,0.0022499999999999985,-0.015250000000000003,0.002249999999999995,204.65239845687188,-16.03983888677712,16.03983888677712,-34.92261233388974,76.84515062499763,25.86099479869188,-16.03983888677712,-0.5086862525883301,1.8569202231803333e-05,True
62,initial,-x,1,1,62,-0.0155,0.0019999999999999983,-0.015499999999999993,0.0020000000000000052,204.65239845687188,15.785099818465703,-15.785099818465703,-23.814874017462717,81.50593124764816,18.132453244601038,15.785099818465703,0.7471197872751739,0.08674307104374396,False
63,initial,-x,1,1,63,-0.01575,0.001749999999999998,-0.015750000000000004,0.0017499999999999946,204.65239845687188,4.652441064454117,-4.652441064454117,-27.526612664932724,79.87468485546458,20.833181993078238,4.652441064454117,0.7318383673704801,-5.1186284493722384e-05,True
64,initial,-x,1,1,64,-0.016,0.0014999999999999979,-0.016000000000000004,0.0014999999999999944,204.65239845687188,-7.049696086085338,7.049696086085338,-31.62868787788493,78.14878766065317,23.668338159923483,-7.049696086085338,0.6378809334557352,6.432228860359108e-05,True
65,initial,-x,1,1,65,-0.01625,0.0012499999999999976,-0.01624999999999999,0.001250000000000008,204.65239845687188,-17.736766522783554,17.736766522783554,-35.56515808157504,76.6227649360405,26.28036235391595,-17.736766522783554,0.47025833681963775,-4.188272576572634e-05,True
66,initial,-x,1,1,66,-0.0165,0.0009999999999999974,-0.0165,0.0009999999999999974,204.65239845687188,14.017959599569426,-14.017959599569426,-24.397970071372896,81.23374797616253,18.571204366586233,14.017959599569426,-0.7674255271321742,-0.0004175681502330542,True
67,initial,-x,1,1,67,-0.01675,0.0007499999999999972,-0.016750000000000004,0.0007499999999999937,204.65239845687188,2.5898089066925842,-2.5898089066925842,-28.235661203463795,79.57343188694013,21.332375503207214,2.5898089066925842,-0.7191442955417262,2.6033788621230584e-05,True
68,initial,-x,1,1,68,-0.017,0.000499999999999997,-0.017,0.000499999999999997,204.65239845687188,-9.049870042057204,9.049870042057204,-32.34930578989528,77.85223828130042,24.154174831472425,-9.049870042057204,-0.6155142170224452,0.0004366157908555749,True
69,initial,-x,1,1,69,-0.01725,0.00024999999999999675,-0.01724999999999999,0.00025000000000000716,204.65239845687188,-19.27684660307585,19.27684660307585,-36.15968343314971,76.44453875620782,26.665816065059165,-19.27684660307585,-0.42468698730390153,0.00013279852033114145,True
70,initial,-x,1,1,70,-0.0175,-3.469446951953614e-18,-0.01750000000000001,-1.0408340855860843e-17,204.65239845687188,12.105451294653983,-12.105451294653983,-25.022302541963402,80.95562058166983,19.03211209428077,12.105451294653983,0.7634973601161495,0.0008221036248125101,True
