channel,period_angstrom,frequency_inverse_angstrom,raw_power,observable_cycles,resolution_interval_angstrom,local_prominence_ratio,prominence_over_local_floor,normalized_power,shifted_grid_peak_period_angstrom,shifted_grid_normalized_power_ratio,transverse_grid_support,transverse_grid_count,background_comparison,background_contrast,bounded_background_contrast,background_peak_overlap,review_eligible,classification,relative_power
near,19.40113357679347,0.05154337998044316,3221.0654594718853,9.1900634765625,"[18.400049650784148, 20.51741619251424]",0.9969890564390378,41.90966845569412,0.0009723763574494149,19.40113357679347,0.5193110030528979,2,2,"{""lower"": {""normalized_power_neighborhood_max"": 1.9044819902238954e-06, ""regularization_floor"": 2.5552602782622612e-05, ""shape_power_ratio"": 36.34504422038761, ""bounded_shape_contrast"": 0.9706335420249492, ""strong_peak_overlap"": false}, ""upper"": {""normalized_power_neighborhood_max"": 4.315780127313288e-06, ""regularization_floor"": 2.1149003374230952e-05, ""shape_power_ratio"": 39.01566101134911, ""bounded_shape_contrast"": 0.9701550052341235, ""strong_peak_overlap"": false}}",36.34504422038761,0.9701550052341235,False,True,gb_enhanced,1.0
near,9.700566788396735,0.10308675996088631,892.73399839098,18.380126953125,"[9.443667912333003, 9.97183350853323]",0.9875546601113064,31.95532108877528,0.0002694988488898947,9.700566788396735,1.4776331539508694,2,2,"{""lower"": {""normalized_power_neighborhood_max"": 1.4638246629168106e-06, ""regularization_floor"": 2.5552602782622612e-05, ""shape_power_ratio"": 10.92118683224462, ""bounded_shape_contrast"": 0.9039501355193656, ""strong_peak_overlap"": false}, ""upper"": {""normalized_power_neighborhood_max"": 7.63055540560606e-07, ""regularization_floor"": 2.1149003374230952e-05, ""shape_power_ratio"": 13.264287641538155, ""bounded_shape_contrast"": 0.9221885185212427, ""strong_peak_overlap"": false}}",10.92118683224462,0.9039501355193656,False,True,gb_enhanced,0.27715487611895645
near,7.735895033784737,0.12926752439539713,546.0882172768605,23.048095703124996,"[7.571637695711363, 7.907437126199943]",0.9824521886561156,28.378963794325248,0.00016485330032652603,7.735895033784737,1.7614048341727864,2,2,"{""lower"": {""normalized_power_neighborhood_max"": 1.5289510609922237e-06, ""regularization_floor"": 2.5552602782622612e-05, ""shape_power_ratio"": 7.030833762666158, ""bounded_shape_contrast"": 0.8509363761558115, ""strong_peak_overlap"": false}, ""upper"": {""normalized_power_neighborhood_max"": 2.6949474032210116e-06, ""regularization_floor"": 2.1149003374230952e-05, ""shape_power_ratio"": 7.800817298979249, ""bounded_shape_contrast"": 0.8593572612986863, ""strong_peak_overlap"": false}}",7.030833762666158,0.8509363761558115,False,True,gb_enhanced,0.1695365164563887
near,6.433007449147308,0.15544828882990794,368.65274163639003,27.716064453124996,"[6.319011972211919, 6.55119146249404]",0.9715234406983838,12.276902513208451,0.00011128901743428292,6.467044525597822,0.9934519507645078,2,2,"{""lower"": {""normalized_power_neighborhood_max"": 2.635195393190324e-06, ""regularization_floor"": 2.5552602782622612e-05, ""shape_power_ratio"": 4.854640272482333, ""bounded_shape_contrast"": 0.7790099133380833, ""strong_peak_overlap"": false}, ""upper"": {""normalized_power_neighborhood_max"": 3.510687635851652e-06, ""regularization_floor"": 2.1149003374230952e-05, ""shape_power_ratio"": 5.370627748513311, ""bounded_shape_contrast"": 0.7927867136931098, ""strong_peak_overlap"": false}}",4.854640272482333,0.7790099133380833,False,True,gb_enhanced,0.11445055875916071
near,13.002887397212644,0.0769059955263755,322.69945589888226,13.712158203124998,"[12.545430928906741, 13.494967767327237]",0.9784089126678776,12.442211292159271,9.741662360668398e-05,13.002887397212644,2.392482421799408,2,2,"{""lower"": {""normalized_power_neighborhood_max"": 2.613326293766308e-06, ""regularization_floor"": 2.5552602782622612e-05, ""shape_power_ratio"": 4.365885678963449, ""bounded_shape_contrast"": 0.7549081881793607, ""strong_peak_overlap"": false}, ""upper"": {""normalized_power_neighborhood_max"": 9.644555541746912e-07, ""regularization_floor"": 2.1149003374230952e-05, ""shape_power_ratio"": 5.361695217594953, ""bounded_shape_contrast"": 0.8069279800270739, ""strong_peak_overlap"": false}}",4.365885678963449,0.7549081881793607,False,True,gb_enhanced,0.10018407261794392
near,38.19598172931214,0.02618076443451081,204.17514914381877,4.66796875,"[34.50052771468481, 42.778067634984076]",0.9394302919932479,12.744440207363715,6.163646479842377e-05,39.42811017219317,1.733195701553904,2,2,"{""lower"": {""normalized_power_neighborhood_max"": 1.9953188417654526e-05, ""regularization_floor"": 2.5552602782622612e-05, ""shape_power_ratio"": 1.9159993768115253, ""bounded_shape_contrast"": 0.38904609569985765, ""strong_peak_overlap"": false}, ""upper"": {""normalized_power_neighborhood_max"": 1.2711800672331834e-05, ""regularization_floor"": 2.1149003374230952e-05, ""shape_power_ratio"": 2.444876030079335, ""bounded_shape_contrast"": 0.5123147993426662, ""strong_peak_overlap"": false}}",1.9159993768115253,0.38904609569985765,False,False,not_background_enhanced,0.06338745725996349
defects,19.40113357679347,0.05154337998044316,908.6240447277188,9.1900634765625,"[18.400049650784148, 20.51741619251424]",0.9967412473848941,60.1562416747192,0.000550479493274743,19.40113357679347,1.288653218077494,2,2,"{""lower"": {""normalized_power_neighborhood_max"": 1.9044819902238954e-06, ""regularization_floor"": 2.5552602782622612e-05, ""shape_power_ratio"": 20.979361094701087, ""bounded_shape_contrast"": 0.9491958670235737, ""strong_peak_overlap"": false}, ""upper"": {""normalized_power_neighborhood_max"": 4.315780127313288e-06, ""regularization_floor"": 2.1149003374230952e-05, ""shape_power_ratio"": 22.44780508792895, ""bounded_shape_contrast"": 0.9482926303295395, ""strong_peak_overlap"": false}}",20.979361094701087,0.9482926303295395,False,True,gb_enhanced,1.0
defects,9.700566788396735,0.10308675996088631,705.3771891816796,18.380126953125,"[9.443667912333003, 9.97183350853323]",0.9926049942496874,32.952142148830845,0.0004273447086519171,9.700566788396735,1.3755323679505553,2,2,"{""lower"": {""normalized_power_neighborhood_max"": 1.4638246629168106e-06, ""regularization_floor"": 2.5552602782622612e-05, ""shape_power_ratio"": 16.763775016052904, ""bounded_shape_contrast"": 0.9373180277849567, ""strong_peak_overlap"": false}, ""upper"": {""normalized_power_neighborhood_max"": 7.63055540560606e-07, ""regularization_floor"": 2.1149003374230952e-05, ""shape_power_ratio"": 20.467894585816214, ""bounded_shape_contrast"": 0.9495274949820645, ""strong_peak_overlap"": false}}",16.763775016052904,0.9373180277849567,False,True,gb_enhanced,0.7763135845618693
defects,7.785168250560435,0.12844937550681867,377.7682222138061,22.9022216796875,"[7.618834293957551, 7.9589270938098835]",0.9876418716420942,27.04087055480315,0.00022886656009843162,7.735895033784737,2.2969075173130786,2,2,"{""lower"": {""normalized_power_neighborhood_max"": 1.4548876385685862e-06, ""regularization_floor"": 2.5552602782622612e-05, ""shape_power_ratio"": 9.420318545459017, ""bounded_shape_contrast"": 0.8887641087403779, ""strong_peak_overlap"": false}, ""upper"": {""normalized_power_neighborhood_max"": 3.044478215825897e-06, ""regularization_floor"": 2.1149003374230952e-05, ""shape_power_ratio"": 10.334005155149525, ""bounded_shape_contrast"": 0.892365623493368, ""strong_peak_overlap"": false}}",9.420318545459017,0.8887641087403779,False,True,gb_enhanced,0.4157585575748321
defects,6.467044525597822,0.1546301399413295,203.71133062127225,27.5701904296875,"[6.351850356505935, 6.586494082895829]",0.9755245037954261,15.952616556677068,0.00012341618153889543,6.467044525597822,1.4056618579577316,2,2,"{""lower"": {""normalized_power_neighborhood_max"": 2.7753527135101358e-06, ""regularization_floor"": 2.5552602782622612e-05, ""shape_power_ratio"": 5.258719936278312, ""bounded_shape_contrast"": 0.7950279409973968, ""strong_peak_overlap"": false}, ""upper"": {""normalized_power_neighborhood_max"": 2.8207145838506515e-06, ""regularization_floor"": 2.1149003374230952e-05, ""shape_power_ratio"": 6.031159197031141, ""bounded_shape_contrast"": 0.8182293378581869, ""strong_peak_overlap"": false}}",5.258719936278312,0.7950279409973968,False,True,gb_enhanced,0.22419760054040508
defects,12.866014898294615,0.07772414441495397,144.16621401235665,13.858032226562498,"[12.417972482200426, 13.3475983635864]",0.9689998607112605,14.182860709209951,8.734145315364361e-05,13.002887397212644,4.533803742347181,1,2,"{""lower"": {""normalized_power_neighborhood_max"": 2.6901610934429185e-06, ""regularization_floor"": 2.5552602782622612e-05, ""shape_power_ratio"": 3.9972736532326016, ""bounded_shape_contrast"": 0.7323776051400025, ""strong_peak_overlap"": false}, ""upper"": {""normalized_power_neighborhood_max"": 1.1494838454606385e-06, ""regularization_floor"": 2.1149003374230952e-05, ""shape_power_ratio"": 4.865372949249564, ""bounded_shape_contrast"": 0.7861365941525551, ""strong_peak_overlap"": false}}",3.9972736532326016,0.7323776051400025,False,False,weak_or_grid_sensitive,0.15866431760074978
defects,38.19598172931214,0.02618076443451081,68.5155156591515,4.66796875,"[34.50052771468481, 42.778067634984076]",0.9493297400594202,13.534319125672075,4.150934213149692e-05,39.42811017219317,3.2165804452837783,2,2,"{""lower"": {""normalized_power_neighborhood_max"": 1.9953188417654526e-05, ""regularization_floor"": 2.5552602782622612e-05, ""shape_power_ratio"": 1.4737013277930024, ""bounded_shape_contrast"": 0.24772879025137395, ""strong_peak_overlap"": false}, ""upper"": {""normalized_power_neighborhood_max"": 1.2711800672331834e-05, ""regularization_floor"": 2.1149003374230952e-05, ""shape_power_ratio"": 1.8504683296818616, ""bounded_shape_contrast"": 0.38208153916978954, ""strong_peak_overlap"": false}}",1.4737013277930024,0.24772879025137395,False,False,not_background_enhanced,0.07540579192979983
defects,11.01145419223413,0.09081452663220937,1.7928176255440689,16.1920166015625,"[10.681612254765552, 11.362315858769]",0.05961585419154623,0.0007126358770826622,1.086158069192707e-06,11.01145419223413,21.68464353675918,1,2,"{""lower"": {""normalized_power_neighborhood_max"": 2.3306030422268346e-06, ""regularization_floor"": 2.5552602782622612e-05, ""shape_power_ratio"": 0.9553693724871091, ""bounded_shape_contrast"": -0.04295727643816371, ""strong_peak_overlap"": false}, ""upper"": {""normalized_power_neighborhood_max"": 1.7274342951610078e-06, ""regularization_floor"": 2.1149003374230952e-05, ""shape_power_ratio"": 0.9719678284164711, ""bounded_shape_contrast"": -0.026761550917278765, ""strong_peak_overlap"": false}}",0.9553693724871091,-0.04295727643816371,False,False,weak_or_grid_sensitive,0.0019731126816936815
defects,7.065152689814963,0.14153975772407407,1.5937331165987159,25.236206054687496,"[6.9278917300060066, 7.207962639614764]",0.03445452696288247,0.00037368663630936173,9.655449946884663e-07,,,1,2,"{""lower"": {""normalized_power_neighborhood_max"": 2.4742923498275235e-06, ""regularization_floor"": 2.5552602782622612e-05, ""shape_power_ratio"": 0.9461678738223058, ""bounded_shape_contrast"": -0.052039336755473106, ""strong_peak_overlap"": false}, ""upper"": {""normalized_power_neighborhood_max"": 6.554689136893925e-07, ""regularization_floor"": 2.1149003374230952e-05, ""shape_power_ratio"": 1.0142207560405327, ""bounded_shape_contrast"": 0.013617735865132718, ""strong_peak_overlap"": false}}",0.9461678738223058,-0.052039336755473106,False,False,weak_or_grid_sensitive,0.0017540072000585226
