replica,reaction_coordinate,potential_energy_eV,relative_energy_eV
0,0.0,-48992.796,0.0
1,0.064230446,-48992.795,0.0010000000038417056
2,0.12846063,-48992.791,0.005000000004656613
3,0.19269029,-48992.784,0.012000000002444722
4,0.25691916,-48992.776,0.020000000004074536
5,0.32114699,-48992.769,0.027000000001862645
6,0.38537351,-48992.762,0.033999999999650754
7,0.44959845,-48992.754,0.04200000000128057
8,0.51382174,-48992.742,0.05400000000372529
9,0.57804419,-48992.711,0.08499999999912689
10,0.63079072,-48992.766,0.029999999998835847
11,0.6835374,-48992.776,0.020000000004074536
12,0.73628325,-48992.779,0.016999999999825377
13,0.78902781,-48992.789,0.0070000000050640665
14,0.84177174,-48992.802,-0.006000000001222361
15,0.89451498,-48992.808,-0.011999999995168764
16,0.94725764,-48992.811,-0.014999999999417923
17,1.0,-48992.812,-0.01599999999598367
