candidate_id,translation_angstrom,translation_nm,near_rms_angstrom,defect_rms_angstrom,near_rms_over_nn,defect_rms_over_nn,near_coverage_fraction,defect_coverage_fraction,joint_xz_rms_angstrom,joint_z_shift_angstrom,strain_recurrent_strata,strain_spectral_peak_strata,lower_near_strain_correlation,upper_near_strain_correlation,legacy_roles,legacy_status,structure_near_fft_status,structure_near_fft_peak_nm,structure_near_fft_classification,structure_near_fft_review_eligible,structure_near_fft_relative_power,structure_near_fft_background_contrast,structure_defects_fft_status,structure_defects_fft_peak_nm,structure_defects_fft_classification,structure_defects_fft_review_eligible,structure_defects_fft_relative_power,structure_defects_fft_background_contrast,strain_actual_peak_channels,strain_reviewed_peak_channels,measured_upper_lower_ratio,display_lattice_label,display_direction_comparison,display_count_kind,direction_comparison,upper_count_basis,lower_count_basis,display_priority_score,display_highlighted,lattice_repeat_status,pure_x_repeat_eligible,lattice_repeat_check,short_period_label,long_period_label,long_period_evidence_kind,associated_row_motif_nm,motif_association_kind,motif_to_coordinate_difference_angstrom
P001,6.448106737412786,0.6448106737412787,0.9768405623539037,0.9994852689117629,0.39257105729708186,0.4016714742312225,0.07277628032345014,0.14594594594594595,0.7292360334027173,-0.572312515569313,lower_outer_all; upper_outer_all,lower_near_all; lower_middle_all; lower_outer_all; upper_near_all,-0.0442145151811183,-0.3319111559631518,,weak_or_unresolved_alternative,matched_actual_peak,0.6433007449147308,gb_enhanced,True,0.11445055875916071,4.854640272482333,matched_actual_peak,0.6467044525597822,gb_enhanced,True,0.22419760054040508,5.258719936278312,lower_near_all; lower_middle_all; lower_outer_all; upper_near_all,lower_near_all; lower_middle_all; lower_outer_all; upper_near_all,≈ 1.83 : 0.75,≈ 1.83[0 0 -1] : 0.75[1 1 -2],upper [0 0 -1] : lower [1 1 -2],measured_relaxed_counts,upper [0 0 -1] : lower [1 1 -2],validated_source_direction,validated_source_direction,0.03746804074752812,False,incompatible,False,"{""status"": ""incompatible"", ""eligible"": false, ""grains"": {""upper"": {""lattice"": ""FCC"", ""direction"": [0, 0, -1], ""direction_basis"": ""validated_source_direction"", ""coefficient_step"": 1.0, ""full_vector_length_angstrom"": 3.517336991999997, ""length_basis"": ""measured_far_field_translation"", ""nearest_allowed_count"": 2.0, ""nearest_length_error_angstrom"": 0.586567246587208, ""nominal_count"": null, ""indexing_validated"": true}, ""lower"": {""lattice"": ""FCC"", ""direction"": [1, 1, -2], ""direction_basis"": ""validated_source_direction"", ""coefficient_step"": 0.5, ""full_vector_length_angstrom"": 8.619559103999961, ""length_basis"": ""measured_far_field_translation"", ""nearest_allowed_count"": 0.5, ""nearest_length_error_angstrom"": 2.1383271854128054, ""nominal_count"": null, ""indexing_validated"": true}}, ""nominal_counts"": null, ""length_tolerance_angstrom"": 0.7464945855251909, ""reasons"": [""lower_outside_allowed_translation_grid""], ""meaning"": ""Necessary pure-x Bravais-lattice closure only; not sufficient for a GB supercell, chemical-order repeat, or a selected PBC size.""}",,,,,,
P002,6.776564355043835,0.6776564355043835,0.9193031795382831,0.9445195417530352,0.3694480297770066,0.37958193940088336,0.2830188679245283,0.17297297297297298,0.7292064319400587,-0.572312515569313,lower_outer_all; upper_outer_all,,-0.07591665315062224,-0.40981834504581016,,weak_or_unresolved_alternative,no_resolved_peak,,,,,,no_resolved_peak,,,,,,upper_middle_all; upper_outer_all,,≈ 1.93 : 0.79,≈ 1.93[0 0 -1] : 0.79[1 1 -2],upper [0 0 -1] : lower [1 1 -2],measured_relaxed_counts,upper [0 0 -1] : lower [1 1 -2],validated_source_direction,validated_source_direction,0.04148774126430319,False,incompatible,False,"{""status"": ""incompatible"", ""eligible"": false, ""grains"": {""upper"": {""lattice"": ""FCC"", ""direction"": [0, 0, -1], ""direction_basis"": ""validated_source_direction"", ""coefficient_step"": 1.0, ""full_vector_length_angstrom"": 3.517336991999997, ""length_basis"": ""measured_far_field_translation"", ""nearest_allowed_count"": 2.0, ""nearest_length_error_angstrom"": 0.2581096289561593, ""nominal_count"": null, ""indexing_validated"": true}, ""lower"": {""lattice"": ""FCC"", ""direction"": [1, 1, -2], ""direction_basis"": ""validated_source_direction"", ""coefficient_step"": 0.5, ""full_vector_length_angstrom"": 8.619559103999961, ""length_basis"": ""measured_far_field_translation"", ""nearest_allowed_count"": 1.0, ""nearest_length_error_angstrom"": 1.8429947489561265, ""nominal_count"": null, ""indexing_validated"": true}}, ""nominal_counts"": null, ""length_tolerance_angstrom"": 0.7464945855251909, ""reasons"": [""lower_outside_allowed_translation_grid""], ""meaning"": ""Necessary pure-x Bravais-lattice closure only; not sufficient for a GB supercell, chemical-order repeat, or a selected PBC size.""}",,,,,,
P003,7.748613797751458,0.7748613797751458,0.8358996351707906,0.862785455266552,0.33592995235834133,0.3467347809332919,0.04582210242587601,0.0918918918918919,0.8358996351707906,0.0,upper_outer_all,lower_middle_all; upper_near_all,-0.14256892861004292,-0.6149963484952263,,weak_or_unresolved_alternative,matched_actual_peak,0.7735895033784737,gb_enhanced,True,0.1695365164563887,7.030833762666158,matched_actual_peak,0.7785168250560435,gb_enhanced,True,0.4157585575748321,9.420318545459017,lower_middle_all; lower_outer_all; upper_near_all; upper_outer_all,lower_middle_all; upper_near_all,≈ 2.2 : 0.9,≈ 2.2[0 0 -1] : 0.9[1 1 -2],upper [0 0 -1] : lower [1 1 -2],measured_relaxed_counts,upper [0 0 -1] : lower [1 1 -2],validated_source_direction,validated_source_direction,0.248143491378969,False,incompatible,False,"{""status"": ""incompatible"", ""eligible"": false, ""grains"": {""upper"": {""lattice"": ""FCC"", ""direction"": [0, 0, -1], ""direction_basis"": ""validated_source_direction"", ""coefficient_step"": 1.0, ""full_vector_length_angstrom"": 3.517336991999997, ""length_basis"": ""measured_far_field_translation"", ""nearest_allowed_count"": 2.0, ""nearest_length_error_angstrom"": 0.7139398137514643, ""nominal_count"": null, ""indexing_validated"": true}, ""lower"": {""lattice"": ""FCC"", ""direction"": [1, 1, -2], ""direction_basis"": ""validated_source_direction"", ""coefficient_step"": 0.5, ""full_vector_length_angstrom"": 8.619559103999961, ""length_basis"": ""measured_far_field_translation"", ""nearest_allowed_count"": 1.0, ""nearest_length_error_angstrom"": 0.8709453062485029, ""nominal_count"": null, ""indexing_validated"": true}}, ""nominal_counts"": null, ""length_tolerance_angstrom"": 0.7464945855251909, ""reasons"": [""lower_outside_allowed_translation_grid""], ""meaning"": ""Necessary pure-x Bravais-lattice closure only; not sufficient for a GB supercell, chemical-order repeat, or a selected PBC size.""}",,,,,,
P004,10.652507599365594,1.0652507599365593,0.8863125918871873,0.9142017285031552,0.3561898273904941,0.36739786713656136,0.37735849056603776,0.2,0.6871489612968492,-0.572312515569313,,,-0.08641601378731979,-0.7756472954967604,,weak_or_unresolved_alternative,no_resolved_peak,,,,,,no_resolved_peak,,,,,,lower_near_all; lower_middle_all; upper_outer_all,,≈ 3.03 : 1.24,≈ 3.03[0 0 -1] : 1.24[1 1 -2],upper [0 0 -1] : lower [1 1 -2],measured_relaxed_counts,upper [0 0 -1] : lower [1 1 -2],validated_source_direction,validated_source_direction,0.04402584863218209,False,incompatible,False,"{""status"": ""incompatible"", ""eligible"": false, ""grains"": {""upper"": {""lattice"": ""FCC"", ""direction"": [0, 0, -1], ""direction_basis"": ""validated_source_direction"", ""coefficient_step"": 1.0, ""full_vector_length_angstrom"": 3.517336991999997, ""length_basis"": ""measured_far_field_translation"", ""nearest_allowed_count"": 3.0, ""nearest_length_error_angstrom"": 0.10049662336560239, ""nominal_count"": null, ""indexing_validated"": true}, ""lower"": {""lattice"": ""FCC"", ""direction"": [1, 1, -2], ""direction_basis"": ""validated_source_direction"", ""coefficient_step"": 0.5, ""full_vector_length_angstrom"": 8.619559103999961, ""length_basis"": ""measured_far_field_translation"", ""nearest_allowed_count"": 1.0, ""nearest_length_error_angstrom"": 2.0329484953656323, ""nominal_count"": null, ""indexing_validated"": true}}, ""nominal_counts"": null, ""length_tolerance_angstrom"": 0.7464945855251909, ""reasons"": [""lower_outside_allowed_translation_grid""], ""meaning"": ""Necessary pure-x Bravais-lattice closure only; not sufficient for a GB supercell, chemical-order repeat, or a selected PBC size.""}",,,,,,
P005,13.561318303707607,1.3561318303707606,0.6345639752603583,0.6726882590161584,0.2550175128787768,0.27033883650055945,0.0889487870619946,0.14594594594594595,0.6345639752603583,0.0,,lower_near_all; lower_middle_all; lower_outer_all; upper_near_all; upper_middle_all,-0.24144672890236862,-0.31784708972001685,,weak_or_unresolved_alternative,no_resolved_peak,,,,,,no_resolved_peak,,,,,,lower_near_all; lower_middle_all; lower_outer_all; upper_near_all; upper_middle_all; upper_outer_all,lower_near_all; lower_middle_all; lower_outer_all; upper_near_all; upper_middle_all,≈ 3.86 : 1.57,4[0 0 -1] : 1.5[1 1 -2],upper [0 0 -1] : lower [1 1 -2],validated_cubic_translation_grid,upper [0 0 -1] : lower [1 1 -2],validated_source_direction,validated_source_direction,0.3276237815958673,False,compatible,True,"{""status"": ""compatible"", ""eligible"": true, ""grains"": {""upper"": {""lattice"": ""FCC"", ""direction"": [0, 0, -1], ""direction_basis"": ""validated_source_direction"", ""coefficient_step"": 1.0, ""full_vector_length_angstrom"": 3.517336991999997, ""length_basis"": ""measured_far_field_translation"", ""nearest_allowed_count"": 4.0, ""nearest_length_error_angstrom"": 0.5080296642923816, ""nominal_count"": 4.0, ""indexing_validated"": true}, ""lower"": {""lattice"": ""FCC"", ""direction"": [1, 1, -2], ""direction_basis"": ""validated_source_direction"", ""coefficient_step"": 0.5, ""full_vector_length_angstrom"": 8.619559103999961, ""length_basis"": ""measured_far_field_translation"", ""nearest_allowed_count"": 1.5, ""nearest_length_error_angstrom"": 0.6319796477076647, ""nominal_count"": 1.5, ""indexing_validated"": true}}, ""nominal_counts"": {""upper"": 4.0, ""lower"": 1.5}, ""length_tolerance_angstrom"": 0.7464945855251909, ""reasons"": [], ""meaning"": ""Necessary pure-x Bravais-lattice closure only; not sufficient for a GB supercell, chemical-order repeat, or a selected PBC size.""}",,,,,,
P006,17.43280810628079,1.7432808106280788,0.2596679407542146,0.2990261372714568,0.10435491929450248,0.12017212572054188,0.8975741239892183,0.8324324324324325,0.2596679407542146,0.0,upper_near_all,,0.14322458196093502,0.5281263475563731,near_coincidence_candidate; geometric_repeat_candidate; relative_short_candidate,candidate,no_resolved_peak,,,,,,no_resolved_peak,,,,,,,,≈ 4.96 : 2.02,5[0 0 -1] : 2[1 1 -2],upper [0 0 -1] : lower [1 1 -2],enumerated_lattice_pair,upper [0 0 -1] : lower [1 1 -2],validated_source_direction,validated_source_direction,0.6755583959475218,False,compatible,True,"{""status"": ""compatible"", ""eligible"": true, ""grains"": {""upper"": {""lattice"": ""FCC"", ""direction"": [0, 0, -1], ""direction_basis"": ""validated_source_direction"", ""coefficient_step"": 1.0, ""full_vector_length_angstrom"": 3.517336991999997, ""length_basis"": ""measured_far_field_translation"", ""nearest_allowed_count"": 5.0, ""nearest_length_error_angstrom"": 0.15387685371919702, ""nominal_count"": 5.0, ""indexing_validated"": true}, ""lower"": {""lattice"": ""FCC"", ""direction"": [1, 1, -2], ""direction_basis"": ""validated_source_direction"", ""coefficient_step"": 0.5, ""full_vector_length_angstrom"": 8.619559103999961, ""length_basis"": ""measured_far_field_translation"", ""nearest_allowed_count"": 2.0, ""nearest_length_error_angstrom"": 0.1936898982808657, ""nominal_count"": 2.0, ""indexing_validated"": true}}, ""nominal_counts"": {""upper"": 5.0, ""lower"": 2.0}, ""length_tolerance_angstrom"": 0.7464945855251909, ""reasons"": [], ""meaning"": ""Necessary pure-x Bravais-lattice closure only; not sufficient for a GB supercell, chemical-order repeat, or a selected PBC size.""}",,,,,,
P007,21.309932101459268,2.1309932101459266,0.2789107471297752,0.30782246158933785,0.11208818625263686,0.12370717787836527,0.8571428571428571,0.8,0.2789107471297752,0.0,upper_near_all,,0.04513154826059794,0.5188885777582255,geometric_repeat_candidate,candidate,no_resolved_peak,,,,,,no_resolved_peak,,,,,,,,≈ 6.06 : 2.47,6[0 0 -1] : 2.5[1 1 -2],upper [0 0 -1] : lower [1 1 -2],validated_cubic_translation_grid,upper [0 0 -1] : lower [1 1 -2],validated_source_direction,validated_source_direction,0.564525959130432,False,compatible,True,"{""status"": ""compatible"", ""eligible"": true, ""grains"": {""upper"": {""lattice"": ""FCC"", ""direction"": [0, 0, -1], ""direction_basis"": ""validated_source_direction"", ""coefficient_step"": 1.0, ""full_vector_length_angstrom"": 3.517336991999997, ""length_basis"": ""measured_far_field_translation"", ""nearest_allowed_count"": 6.0, ""nearest_length_error_angstrom"": 0.2059101494592852, ""nominal_count"": 6.0, ""indexing_validated"": true}, ""lower"": {""lattice"": ""FCC"", ""direction"": [1, 1, -2], ""direction_basis"": ""validated_source_direction"", ""coefficient_step"": 0.5, ""full_vector_length_angstrom"": 8.619559103999961, ""length_basis"": ""measured_far_field_translation"", ""nearest_allowed_count"": 2.5, ""nearest_length_error_angstrom"": 0.23896565854063567, ""nominal_count"": 2.5, ""indexing_validated"": true}}, ""nominal_counts"": {""upper"": 6.0, ""lower"": 2.5}, ""length_tolerance_angstrom"": 0.7464945855251909, ""reasons"": [], ""meaning"": ""Necessary pure-x Bravais-lattice closure only; not sufficient for a GB supercell, chemical-order repeat, or a selected PBC size.""}",,,,,,
P008,34.48987324662653,3.448987324662653,0.5696517238896772,0.5978502758388671,0.22893068547398887,0.2402630725385317,0.4609164420485175,0.4756756756756757,0.5696517238896772,0.0,,lower_near_all; lower_middle_all; lower_outer_all; upper_near_all; upper_middle_all,0.07235539501886028,0.2544529847015731,,weak_or_unresolved_alternative,no_resolved_peak,,,,,,no_resolved_peak,,,,,,lower_near_all; lower_middle_all; lower_outer_all; upper_near_all; upper_middle_all; upper_outer_all,lower_near_all; lower_middle_all; lower_outer_all; upper_near_all; upper_middle_all,≈ 9.81 : 4,10[0 0 -1] : 4[1 1 -2],upper [0 0 -1] : lower [1 1 -2],validated_cubic_translation_grid,upper [0 0 -1] : lower [1 1 -2],validated_source_direction,validated_source_direction,0.08712298634898966,False,compatible,True,"{""status"": ""compatible"", ""eligible"": true, ""grains"": {""upper"": {""lattice"": ""FCC"", ""direction"": [0, 0, -1], ""direction_basis"": ""validated_source_direction"", ""coefficient_step"": 1.0, ""full_vector_length_angstrom"": 3.517336991999997, ""length_basis"": ""measured_far_field_translation"", ""nearest_allowed_count"": 10.0, ""nearest_length_error_angstrom"": 0.6834966733734404, ""nominal_count"": 10.0, ""indexing_validated"": true}, ""lower"": {""lattice"": ""FCC"", ""direction"": [1, 1, -2], ""direction_basis"": ""validated_source_direction"", ""coefficient_step"": 0.5, ""full_vector_length_angstrom"": 8.619559103999961, ""length_basis"": ""measured_far_field_translation"", ""nearest_allowed_count"": 4.0, ""nearest_length_error_angstrom"": 0.011636830626684969, ""nominal_count"": 4.0, ""indexing_validated"": true}}, ""nominal_counts"": {""upper"": 10.0, ""lower"": 4.0}, ""length_tolerance_angstrom"": 0.7464945855251909, ""reasons"": [], ""meaning"": ""Necessary pure-x Bravais-lattice closure only; not sufficient for a GB supercell, chemical-order repeat, or a selected PBC size.""}",,,,,,
P009,34.86809716995957,3.486809716995957,0.4259299631284691,0.46512158531529024,0.17117202377113389,0.18692228758285925,0.41778975741239893,0.3891891891891892,0.4259299631284691,0.0,,lower_near_all; lower_middle_all; lower_outer_all; upper_near_all; upper_middle_all,0.11990647418176291,0.3577213370241837,,weak_or_unresolved_alternative,matched_actual_peak,3.819598172931214,not_background_enhanced,False,0.06338745725996349,1.9159993768115253,matched_actual_peak,3.819598172931214,not_background_enhanced,False,0.07540579192979983,1.4737013277930024,lower_near_all; lower_middle_all; lower_outer_all; upper_near_all; upper_middle_all; upper_outer_all,lower_near_all; lower_middle_all; lower_outer_all; upper_near_all; upper_middle_all,≈ 9.91 : 4.05,10[0 0 -1] : 4[1 1 -2],upper [0 0 -1] : lower [1 1 -2],validated_cubic_translation_grid,upper [0 0 -1] : lower [1 1 -2],validated_source_direction,validated_source_direction,0.12391163761439636,False,compatible,True,"{""status"": ""compatible"", ""eligible"": true, ""grains"": {""upper"": {""lattice"": ""FCC"", ""direction"": [0, 0, -1], ""direction_basis"": ""validated_source_direction"", ""coefficient_step"": 1.0, ""full_vector_length_angstrom"": 3.517336991999997, ""length_basis"": ""measured_far_field_translation"", ""nearest_allowed_count"": 10.0, ""nearest_length_error_angstrom"": 0.3052727500404018, ""nominal_count"": 10.0, ""indexing_validated"": true}, ""lower"": {""lattice"": ""FCC"", ""direction"": [1, 1, -2], ""direction_basis"": ""validated_source_direction"", ""coefficient_step"": 0.5, ""full_vector_length_angstrom"": 8.619559103999961, ""length_basis"": ""measured_far_field_translation"", ""nearest_allowed_count"": 4.0, ""nearest_length_error_angstrom"": 0.38986075395972364, ""nominal_count"": 4.0, ""indexing_validated"": true}}, ""nominal_counts"": {""upper"": 10.0, ""lower"": 4.0}, ""length_tolerance_angstrom"": 0.7464945855251909, ""reasons"": [], ""meaning"": ""Necessary pure-x Bravais-lattice closure only; not sufficient for a GB supercell, chemical-order repeat, or a selected PBC size.""}",,,,,,
P010,36.09159377853483,3.6091593778534827,1.1496675619938796,1.1665259849008935,0.4620264838967476,0.4688015188001099,0.02425876010781671,0.04864864864864865,1.0390459102875633,-0.29859783421007635,upper_near_all,lower_near_all; lower_middle_all; lower_outer_all; upper_near_all; upper_middle_all,0.30165739579281087,0.6443219090868387,,weak_or_unresolved_alternative,matched_actual_peak,3.819598172931214,not_background_enhanced,False,0.06338745725996349,1.9159993768115253,matched_actual_peak,3.819598172931214,not_background_enhanced,False,0.07540579192979983,1.4737013277930024,lower_near_all; lower_middle_all; lower_outer_all; upper_near_all; upper_middle_all; upper_outer_all,lower_near_all; lower_middle_all; lower_outer_all; upper_near_all; upper_middle_all,≈ 10.26 : 4.19,≈ 10.26[0 0 -1] : 4.19[1 1 -2],upper [0 0 -1] : lower [1 1 -2],measured_relaxed_counts,upper [0 0 -1] : lower [1 1 -2],validated_source_direction,validated_source_direction,0.02823321697191909,False,incompatible,False,"{""status"": ""incompatible"", ""eligible"": false, ""grains"": {""upper"": {""lattice"": ""FCC"", ""direction"": [0, 0, -1], ""direction_basis"": ""validated_source_direction"", ""coefficient_step"": 1.0, ""full_vector_length_angstrom"": 3.517336991999997, ""length_basis"": ""measured_far_field_translation"", ""nearest_allowed_count"": 10.0, ""nearest_length_error_angstrom"": 0.9182238585348586, ""nominal_count"": null, ""indexing_validated"": true}, ""lower"": {""lattice"": ""FCC"", ""direction"": [1, 1, -2], ""direction_basis"": ""validated_source_direction"", ""coefficient_step"": 0.5, ""full_vector_length_angstrom"": 8.619559103999961, ""length_basis"": ""measured_far_field_translation"", ""nearest_allowed_count"": 4.0, ""nearest_length_error_angstrom"": 1.613357362534984, ""nominal_count"": null, ""indexing_validated"": true}}, ""nominal_counts"": null, ""length_tolerance_angstrom"": 0.7464945855251909, ""reasons"": [""upper_outside_allowed_translation_grid"", ""lower_outside_allowed_translation_grid""], ""meaning"": ""Necessary pure-x Bravais-lattice closure only; not sufficient for a GB supercell, chemical-order repeat, or a selected PBC size.""}",,,,,,
P011,36.58925683555162,3.6589256835551622,1.3433285978924459,1.3492429229097795,0.53985465826816,0.5422314973499223,0.0,0.0,0.9084504806193231,-3.756708152850842,upper_near_all,lower_near_all; lower_middle_all; lower_outer_all; upper_near_all; upper_middle_all,0.406650361848159,0.7355562968698843,,weak_or_unresolved_alternative,matched_actual_peak,3.819598172931214,not_background_enhanced,False,0.06338745725996349,1.9159993768115253,matched_actual_peak,3.819598172931214,not_background_enhanced,False,0.07540579192979983,1.4737013277930024,lower_near_all; lower_middle_all; lower_outer_all; upper_near_all; upper_middle_all; upper_outer_all,lower_near_all; lower_middle_all; lower_outer_all; upper_near_all; upper_middle_all,≈ 10.4 : 4.24,≈ 10.4[0 0 -1] : 4.24[1 1 -2],upper [0 0 -1] : lower [1 1 -2],measured_relaxed_counts,upper [0 0 -1] : lower [1 1 -2],validated_source_direction,validated_source_direction,0.0214133592231736,False,incompatible,False,"{""status"": ""incompatible"", ""eligible"": false, ""grains"": {""upper"": {""lattice"": ""FCC"", ""direction"": [0, 0, -1], ""direction_basis"": ""validated_source_direction"", ""coefficient_step"": 1.0, ""full_vector_length_angstrom"": 3.517336991999997, ""length_basis"": ""measured_far_field_translation"", ""nearest_allowed_count"": 10.0, ""nearest_length_error_angstrom"": 1.4158869155516527, ""nominal_count"": null, ""indexing_validated"": true}, ""lower"": {""lattice"": ""FCC"", ""direction"": [1, 1, -2], ""direction_basis"": ""validated_source_direction"", ""coefficient_step"": 0.5, ""full_vector_length_angstrom"": 8.619559103999961, ""length_basis"": ""measured_far_field_translation"", ""nearest_allowed_count"": 4.0, ""nearest_length_error_angstrom"": 2.111020419551778, ""nominal_count"": null, ""indexing_validated"": true}}, ""nominal_counts"": null, ""length_tolerance_angstrom"": 0.7464945855251909, ""reasons"": [""upper_outside_allowed_translation_grid"", ""lower_outside_allowed_translation_grid""], ""meaning"": ""Necessary pure-x Bravais-lattice closure only; not sufficient for a GB supercell, chemical-order repeat, or a selected PBC size.""}",,,,,,
P012,38.74433807057022,3.8744338070570223,0.09154827248799959,0.09701118237335633,0.03679126718257097,0.038986692303376105,0.9784366576819407,0.972972972972973,0.09154827248799959,0.0,lower_near_all; upper_near_all,lower_near_all; lower_middle_all; lower_outer_all; upper_near_all; upper_middle_all,0.6751222133276,0.9181967691288474,near_coincidence_candidate; geometric_repeat_candidate; relative_short_candidate,candidate,matched_actual_peak,3.819598172931214,not_background_enhanced,False,0.06338745725996349,1.9159993768115253,matched_actual_peak,3.819598172931214,not_background_enhanced,False,0.07540579192979983,1.4737013277930024,lower_near_all; lower_middle_all; lower_outer_all; upper_near_all; upper_middle_all; upper_outer_all,lower_near_all; lower_middle_all; lower_outer_all; upper_near_all; upper_middle_all,≈ 11.02 : 4.49,11[0 0 -1] : 4.5[1 1 -2],upper [0 0 -1] : lower [1 1 -2],enumerated_lattice_pair,upper [0 0 -1] : lower [1 1 -2],validated_source_direction,validated_source_direction,0.9605038107710739,True,compatible,True,"{""status"": ""compatible"", ""eligible"": true, ""grains"": {""upper"": {""lattice"": ""FCC"", ""direction"": [0, 0, -1], ""direction_basis"": ""validated_source_direction"", ""coefficient_step"": 1.0, ""full_vector_length_angstrom"": 3.517336991999997, ""length_basis"": ""measured_far_field_translation"", ""nearest_allowed_count"": 11.0, ""nearest_length_error_angstrom"": 0.05363115857025491, ""nominal_count"": 11.0, ""indexing_validated"": true}, ""lower"": {""lattice"": ""FCC"", ""direction"": [1, 1, -2], ""direction_basis"": ""validated_source_direction"", ""coefficient_step"": 0.5, ""full_vector_length_angstrom"": 8.619559103999961, ""length_basis"": ""measured_far_field_translation"", ""nearest_allowed_count"": 4.5, ""nearest_length_error_angstrom"": 0.04367789742960326, ""nominal_count"": 4.5, ""indexing_validated"": true}}, ""nominal_counts"": {""upper"": 11.0, ""lower"": 4.5}, ""length_tolerance_angstrom"": 0.7464945855251909, ""reasons"": [], ""meaning"": ""Necessary pure-x Bravais-lattice closure only; not sufficient for a GB supercell, chemical-order repeat, or a selected PBC size.""}",S1,,,3.880414065623809,within_tolerance,0.05980258566786745
P013,40.937979984039316,4.093797998403931,1.2955798886507683,1.3077346589105507,0.5206654865711875,0.5255502253873027,0.0,0.0,0.917969806689634,-3.756708152850842,upper_near_all,lower_near_all; lower_middle_all; lower_outer_all; upper_near_all; upper_middle_all,0.36674183517445924,0.6932565123324987,,weak_or_unresolved_alternative,matched_actual_peak,3.819598172931214,not_background_enhanced,False,0.06338745725996349,1.9159993768115253,matched_actual_peak,3.819598172931214,not_background_enhanced,False,0.07540579192979983,1.4737013277930024,lower_near_all; lower_middle_all; lower_outer_all; upper_near_all; upper_middle_all,lower_near_all; lower_middle_all; lower_outer_all; upper_near_all; upper_middle_all,≈ 11.64 : 4.75,≈ 11.64[0 0 -1] : 4.75[1 1 -2],upper [0 0 -1] : lower [1 1 -2],measured_relaxed_counts,upper [0 0 -1] : lower [1 1 -2],validated_source_direction,validated_source_direction,0.09779017621442586,False,incompatible,False,"{""status"": ""incompatible"", ""eligible"": false, ""grains"": {""upper"": {""lattice"": ""FCC"", ""direction"": [0, 0, -1], ""direction_basis"": ""validated_source_direction"", ""coefficient_step"": 1.0, ""full_vector_length_angstrom"": 3.517336991999997, ""length_basis"": ""measured_far_field_translation"", ""nearest_allowed_count"": 12.0, ""nearest_length_error_angstrom"": 1.2700639199606485, ""nominal_count"": null, ""indexing_validated"": true}, ""lower"": {""lattice"": ""FCC"", ""direction"": [1, 1, -2], ""direction_basis"": ""validated_source_direction"", ""coefficient_step"": 0.5, ""full_vector_length_angstrom"": 8.619559103999961, ""length_basis"": ""measured_far_field_translation"", ""nearest_allowed_count"": 4.5, ""nearest_length_error_angstrom"": 2.1499640160394904, ""nominal_count"": null, ""indexing_validated"": true}}, ""nominal_counts"": null, ""length_tolerance_angstrom"": 0.7464945855251909, ""reasons"": [""upper_outside_allowed_translation_grid"", ""lower_outside_allowed_translation_grid""], ""meaning"": ""Necessary pure-x Bravais-lattice closure only; not sufficient for a GB supercell, chemical-order repeat, or a selected PBC size.""}",,,,,,
P014,41.43066641048625,4.143066641048625,1.1095579080924378,1.1309190038586783,0.4459072830294474,0.45449184459778563,0.02425876010781671,0.04864864864864865,0.9929442837006134,-0.29859783421007635,upper_near_all,lower_near_all; lower_middle_all; lower_outer_all; upper_near_all; upper_middle_all,0.28261690671138634,0.5977682442780382,,weak_or_unresolved_alternative,matched_actual_peak,3.819598172931214,not_background_enhanced,False,0.06338745725996349,1.9159993768115253,matched_actual_peak,3.819598172931214,not_background_enhanced,False,0.07540579192979983,1.4737013277930024,lower_near_all; lower_middle_all; lower_outer_all; upper_near_all; upper_middle_all,lower_near_all; lower_middle_all; lower_outer_all; upper_near_all; upper_middle_all,≈ 11.78 : 4.81,≈ 11.78[0 0 -1] : 4.81[1 1 -2],upper [0 0 -1] : lower [1 1 -2],measured_relaxed_counts,upper [0 0 -1] : lower [1 1 -2],validated_source_direction,validated_source_direction,0.09072304511290447,False,incompatible,False,"{""status"": ""incompatible"", ""eligible"": false, ""grains"": {""upper"": {""lattice"": ""FCC"", ""direction"": [0, 0, -1], ""direction_basis"": ""validated_source_direction"", ""coefficient_step"": 1.0, ""full_vector_length_angstrom"": 3.517336991999997, ""length_basis"": ""measured_far_field_translation"", ""nearest_allowed_count"": 12.0, ""nearest_length_error_angstrom"": 0.7773774935137112, ""nominal_count"": null, ""indexing_validated"": true}, ""lower"": {""lattice"": ""FCC"", ""direction"": [1, 1, -2], ""direction_basis"": ""validated_source_direction"", ""coefficient_step"": 0.5, ""full_vector_length_angstrom"": 8.619559103999961, ""length_basis"": ""measured_far_field_translation"", ""nearest_allowed_count"": 5.0, ""nearest_length_error_angstrom"": 1.667129109513553, ""nominal_count"": null, ""indexing_validated"": true}}, ""nominal_counts"": null, ""length_tolerance_angstrom"": 0.7464945855251909, ""reasons"": [""upper_outside_allowed_translation_grid"", ""lower_outside_allowed_translation_grid""], ""meaning"": ""Necessary pure-x Bravais-lattice closure only; not sufficient for a GB supercell, chemical-order repeat, or a selected PBC size.""}",,,,,,
P015,42.287583719776876,4.228758371977688,0.5803359242384093,0.6077183981184798,0.23322443410495125,0.24422885707506795,0.49056603773584906,0.43243243243243246,0.5803359242384093,0.0,,lower_near_all; lower_middle_all; lower_outer_all; upper_near_all; upper_middle_all,0.12597356047494804,0.398324832613056,,weak_or_unresolved_alternative,matched_actual_peak,3.819598172931214,not_background_enhanced,False,0.06338745725996349,1.9159993768115253,matched_actual_peak,3.819598172931214,not_background_enhanced,False,0.07540579192979983,1.4737013277930024,lower_near_all; lower_middle_all; lower_outer_all; upper_near_all; upper_middle_all,lower_near_all; lower_middle_all; lower_outer_all; upper_near_all; upper_middle_all,≈ 12.02 : 4.91,≈ 12.02[0 0 -1] : 4.91[1 1 -2],upper [0 0 -1] : lower [1 1 -2],measured_relaxed_counts,upper [0 0 -1] : lower [1 1 -2],validated_source_direction,validated_source_direction,0.08497631541906524,False,incompatible,False,"{""status"": ""incompatible"", ""eligible"": false, ""grains"": {""upper"": {""lattice"": ""FCC"", ""direction"": [0, 0, -1], ""direction_basis"": ""validated_source_direction"", ""coefficient_step"": 1.0, ""full_vector_length_angstrom"": 3.517336991999997, ""length_basis"": ""measured_far_field_translation"", ""nearest_allowed_count"": 12.0, ""nearest_length_error_angstrom"": 0.07953981577691138, ""nominal_count"": null, ""indexing_validated"": true}, ""lower"": {""lattice"": ""FCC"", ""direction"": [1, 1, -2], ""direction_basis"": ""validated_source_direction"", ""coefficient_step"": 0.5, ""full_vector_length_angstrom"": 8.619559103999961, ""length_basis"": ""measured_far_field_translation"", ""nearest_allowed_count"": 5.0, ""nearest_length_error_angstrom"": 0.8102118002229304, ""nominal_count"": null, ""indexing_validated"": true}}, ""nominal_counts"": null, ""length_tolerance_angstrom"": 0.7464945855251909, ""reasons"": [""lower_outside_allowed_translation_grid""], ""meaning"": ""Necessary pure-x Bravais-lattice closure only; not sufficient for a GB supercell, chemical-order repeat, or a selected PBC size.""}",,,,,,
P016,42.62101796797839,4.262101796797839,0.47620966129665604,0.5069165877957055,0.19137834508000703,0.2037187935284492,0.2587601078167116,0.3027027027027027,0.47620966129665604,0.0,,lower_near_all; lower_middle_all; lower_outer_all; upper_near_all; upper_middle_all,0.09196272121559894,0.31579810130699,,weak_or_unresolved_alternative,matched_actual_peak,3.819598172931214,not_background_enhanced,False,0.06338745725996349,1.9159993768115253,matched_actual_peak,3.819598172931214,not_background_enhanced,False,0.07540579192979983,1.4737013277930024,lower_near_all; lower_middle_all; lower_outer_all; upper_near_all; upper_middle_all,lower_near_all; lower_middle_all; lower_outer_all; upper_near_all; upper_middle_all,≈ 12.12 : 4.94,12[0 0 -1] : 5[1 1 -2],upper [0 0 -1] : lower [1 1 -2],validated_cubic_translation_grid,upper [0 0 -1] : lower [1 1 -2],validated_source_direction,validated_source_direction,0.10981506991654934,False,compatible,True,"{""status"": ""compatible"", ""eligible"": true, ""grains"": {""upper"": {""lattice"": ""FCC"", ""direction"": [0, 0, -1], ""direction_basis"": ""validated_source_direction"", ""coefficient_step"": 1.0, ""full_vector_length_angstrom"": 3.517336991999997, ""length_basis"": ""measured_far_field_translation"", ""nearest_allowed_count"": 12.0, ""nearest_length_error_angstrom"": 0.4129740639784245, ""nominal_count"": 12.0, ""indexing_validated"": true}, ""lower"": {""lattice"": ""FCC"", ""direction"": [1, 1, -2], ""direction_basis"": ""validated_source_direction"", ""coefficient_step"": 0.5, ""full_vector_length_angstrom"": 8.619559103999961, ""length_basis"": ""measured_far_field_translation"", ""nearest_allowed_count"": 5.0, ""nearest_length_error_angstrom"": 0.47677755202141725, ""nominal_count"": 5.0, ""indexing_validated"": true}}, ""nominal_counts"": {""upper"": 12.0, ""lower"": 5.0}, ""length_tolerance_angstrom"": 0.7464945855251909, ""reasons"": [], ""meaning"": ""Necessary pure-x Bravais-lattice closure only; not sufficient for a GB supercell, chemical-order repeat, or a selected PBC size.""}",,,,,,
P017,45.28670313252701,4.528670313252701,0.9457651113557008,0.9696458554100862,0.3800825068370648,0.3896796604604568,0.08355795148247978,0.14594594594594595,0.7233793481196199,-0.572312515569313,,lower_near_all; lower_middle_all; lower_outer_all; upper_near_all; upper_middle_all,-0.18018973914427944,-0.38632525586077754,,weak_or_unresolved_alternative,no_resolved_peak,,,,,,no_resolved_peak,,,,,,lower_near_all; lower_middle_all; lower_outer_all; upper_near_all; upper_middle_all,lower_near_all; lower_middle_all; lower_outer_all; upper_near_all; upper_middle_all,≈ 12.88 : 5.25,≈ 12.88[0 0 -1] : 5.25[1 1 -2],upper [0 0 -1] : lower [1 1 -2],measured_relaxed_counts,upper [0 0 -1] : lower [1 1 -2],validated_source_direction,validated_source_direction,0.0395716818650896,False,incompatible,False,"{""status"": ""incompatible"", ""eligible"": false, ""grains"": {""upper"": {""lattice"": ""FCC"", ""direction"": [0, 0, -1], ""direction_basis"": ""validated_source_direction"", ""coefficient_step"": 1.0, ""full_vector_length_angstrom"": 3.517336991999997, ""length_basis"": ""measured_far_field_translation"", ""nearest_allowed_count"": 13.0, ""nearest_length_error_angstrom"": 0.4386777634729526, ""nominal_count"": null, ""indexing_validated"": true}, ""lower"": {""lattice"": ""FCC"", ""direction"": [1, 1, -2], ""direction_basis"": ""validated_source_direction"", ""coefficient_step"": 0.5, ""full_vector_length_angstrom"": 8.619559103999961, ""length_basis"": ""measured_far_field_translation"", ""nearest_allowed_count"": 5.5, ""nearest_length_error_angstrom"": 2.120871939472778, ""nominal_count"": null, ""indexing_validated"": true}}, ""nominal_counts"": null, ""length_tolerance_angstrom"": 0.7464945855251909, ""reasons"": [""lower_outside_allowed_translation_grid""], ""meaning"": ""Necessary pure-x Bravais-lattice closure only; not sufficient for a GB supercell, chemical-order repeat, or a selected PBC size.""}",,,,,,
P018,45.5255813998953,4.5525581399895305,0.9146524394535638,0.939580805982217,0.36757899810220324,0.3775971684996945,0.2991913746630728,0.1891891891891892,0.7233344796647745,-0.572312515569313,,lower_near_all; lower_middle_all; lower_outer_all; upper_near_all; upper_middle_all,-0.20463525304947794,-0.4400585161202755,,weak_or_unresolved_alternative,no_resolved_peak,,,,,,no_resolved_peak,,,,,,lower_near_all; lower_middle_all; lower_outer_all; upper_near_all; upper_middle_all,lower_near_all; lower_middle_all; lower_outer_all; upper_near_all; upper_middle_all,≈ 12.94 : 5.28,≈ 12.94[0 0 -1] : 5.28[1 1 -2],upper [0 0 -1] : lower [1 1 -2],measured_relaxed_counts,upper [0 0 -1] : lower [1 1 -2],validated_source_direction,validated_source_direction,0.041857708751076854,False,incompatible,False,"{""status"": ""incompatible"", ""eligible"": false, ""grains"": {""upper"": {""lattice"": ""FCC"", ""direction"": [0, 0, -1], ""direction_basis"": ""validated_source_direction"", ""coefficient_step"": 1.0, ""full_vector_length_angstrom"": 3.517336991999997, ""length_basis"": ""measured_far_field_translation"", ""nearest_allowed_count"": 13.0, ""nearest_length_error_angstrom"": 0.19979949610466008, ""nominal_count"": null, ""indexing_validated"": true}, ""lower"": {""lattice"": ""FCC"", ""direction"": [1, 1, -2], ""direction_basis"": ""validated_source_direction"", ""coefficient_step"": 0.5, ""full_vector_length_angstrom"": 8.619559103999961, ""length_basis"": ""measured_far_field_translation"", ""nearest_allowed_count"": 5.5, ""nearest_length_error_angstrom"": 1.8819936721044854, ""nominal_count"": null, ""indexing_validated"": true}}, ""nominal_counts"": null, ""length_tolerance_angstrom"": 0.7464945855251909, ""reasons"": [""lower_outside_allowed_translation_grid""], ""meaning"": ""Necessary pure-x Bravais-lattice closure only; not sufficient for a GB supercell, chemical-order repeat, or a selected PBC size.""}",,,,,,
P019,52.30936392303532,5.230936392303532,0.6238872526929965,0.6644309438149686,0.25072676940612976,0.267020400428295,0.10512129380053908,0.15135135135135136,0.6238872526929965,0.0,,,-0.3341314096064499,-0.32012267056031557,,weak_or_unresolved_alternative,no_resolved_peak,,,,,,no_resolved_peak,,,,,,,,≈ 14.87 : 6.07,15[0 0 -1] : 6[1 1 -2],upper [0 0 -1] : lower [1 1 -2],validated_cubic_translation_grid,upper [0 0 -1] : lower [1 1 -2],validated_source_direction,validated_source_direction,0.07551746393753338,False,compatible,True,"{""status"": ""compatible"", ""eligible"": true, ""grains"": {""upper"": {""lattice"": ""FCC"", ""direction"": [0, 0, -1], ""direction_basis"": ""validated_source_direction"", ""coefficient_step"": 1.0, ""full_vector_length_angstrom"": 3.517336991999997, ""length_basis"": ""measured_far_field_translation"", ""nearest_allowed_count"": 15.0, ""nearest_length_error_angstrom"": 0.45069095696463535, ""nominal_count"": 15.0, ""indexing_validated"": true}, ""lower"": {""lattice"": ""FCC"", ""direction"": [1, 1, -2], ""direction_basis"": ""validated_source_direction"", ""coefficient_step"": 0.5, ""full_vector_length_angstrom"": 8.619559103999961, ""length_basis"": ""measured_far_field_translation"", ""nearest_allowed_count"": 6.0, ""nearest_length_error_angstrom"": 0.5920092990355528, ""nominal_count"": 6.0, ""indexing_validated"": true}}, ""nominal_counts"": {""upper"": 15.0, ""lower"": 6.0}, ""length_tolerance_angstrom"": 0.7464945855251909, ""reasons"": [], ""meaning"": ""Necessary pure-x Bravais-lattice closure only; not sufficient for a GB supercell, chemical-order repeat, or a selected PBC size.""}",,,,,,
P020,56.18615913719614,5.618615913719614,0.25464802295992983,0.2956028390088869,0.10233752309701243,0.11879637631969599,0.894878706199461,0.827027027027027,0.25464802295992983,0.0,upper_near_all,,0.07619991110583166,0.5226362636222153,geometric_repeat_candidate,candidate,no_resolved_peak,,,,,,no_resolved_peak,,,,,,,,≈ 15.97 : 6.52,16[0 0 -1] : 6.5[1 1 -2],upper [0 0 -1] : lower [1 1 -2],validated_cubic_translation_grid,upper [0 0 -1] : lower [1 1 -2],validated_source_direction,validated_source_direction,0.1945380038336554,False,compatible,True,"{""status"": ""compatible"", ""eligible"": true, ""grains"": {""upper"": {""lattice"": ""FCC"", ""direction"": [0, 0, -1], ""direction_basis"": ""validated_source_direction"", ""coefficient_step"": 1.0, ""full_vector_length_angstrom"": 3.517336991999997, ""length_basis"": ""measured_far_field_translation"", ""nearest_allowed_count"": 16.0, ""nearest_length_error_angstrom"": 0.09123273480381044, ""nominal_count"": 16.0, ""indexing_validated"": true}, ""lower"": {""lattice"": ""FCC"", ""direction"": [1, 1, -2], ""direction_basis"": ""validated_source_direction"", ""coefficient_step"": 0.5, ""full_vector_length_angstrom"": 8.619559103999961, ""length_basis"": ""measured_far_field_translation"", ""nearest_allowed_count"": 6.5, ""nearest_length_error_angstrom"": 0.1590249611963941, ""nominal_count"": 6.5, ""indexing_validated"": true}}, ""nominal_counts"": {""upper"": 16.0, ""lower"": 6.5}, ""length_tolerance_angstrom"": 0.7464945855251909, ""reasons"": [], ""meaning"": ""Necessary pure-x Bravais-lattice closure only; not sufficient for a GB supercell, chemical-order repeat, or a selected PBC size.""}",,,,,,
P021,60.05797772078679,6.005797772078679,0.29038987562816665,0.3165055914265609,0.11670139928363911,0.1271967396269401,0.8194070080862533,0.7783783783783784,0.29038987562816665,0.0,,,,,geometric_repeat_candidate,candidate,outside_observable_band,,,,,,outside_observable_band,,,,,,,,≈ 17.07 : 6.97,17[0 0 -1] : 7[1 1 -2],upper [0 0 -1] : lower [1 1 -2],validated_cubic_translation_grid,upper [0 0 -1] : lower [1 1 -2],validated_source_direction,validated_source_direction,0.18069719188156752,False,compatible,True,"{""status"": ""compatible"", ""eligible"": true, ""grains"": {""upper"": {""lattice"": ""FCC"", ""direction"": [0, 0, -1], ""direction_basis"": ""validated_source_direction"", ""coefficient_step"": 1.0, ""full_vector_length_angstrom"": 3.517336991999997, ""length_basis"": ""measured_far_field_translation"", ""nearest_allowed_count"": 17.0, ""nearest_length_error_angstrom"": 0.26324885678683785, ""nominal_count"": 17.0, ""indexing_validated"": true}, ""lower"": {""lattice"": ""FCC"", ""direction"": [1, 1, -2], ""direction_basis"": ""validated_source_direction"", ""coefficient_step"": 0.5, ""full_vector_length_angstrom"": 8.619559103999961, ""length_basis"": ""measured_far_field_translation"", ""nearest_allowed_count"": 7.0, ""nearest_length_error_angstrom"": 0.2789360072129412, ""nominal_count"": 7.0, ""indexing_validated"": true}}, ""nominal_counts"": {""upper"": 17.0, ""lower"": 7.0}, ""length_tolerance_angstrom"": 0.7464945855251909, ""reasons"": [], ""meaning"": ""Necessary pure-x Bravais-lattice closure only; not sufficient for a GB supercell, chemical-order repeat, or a selected PBC size.""}",,,,,,
P022,73.17851367110325,7.3178513671103245,0.6065868637930703,0.6344190739331601,0.24377411794607073,0.25495928017487995,0.444743935309973,0.44324324324324327,0.6065868637930703,0.0,,,,,,weak_or_unresolved_alternative,outside_observable_band,,,,,,outside_observable_band,,,,,,,,≈ 20.81 : 8.49,21[0 0 -1] : 8.5[1 1 -2],upper [0 0 -1] : lower [1 1 -2],validated_cubic_translation_grid,upper [0 0 -1] : lower [1 1 -2],validated_source_direction,validated_source_direction,0.0797653654284297,False,compatible,True,"{""status"": ""compatible"", ""eligible"": true, ""grains"": {""upper"": {""lattice"": ""FCC"", ""direction"": [0, 0, -1], ""direction_basis"": ""validated_source_direction"", ""coefficient_step"": 1.0, ""full_vector_length_angstrom"": 3.517336991999997, ""length_basis"": ""measured_far_field_translation"", ""nearest_allowed_count"": 21.0, ""nearest_length_error_angstrom"": 0.6855631608966917, ""nominal_count"": 21.0, ""indexing_validated"": true}, ""lower"": {""lattice"": ""FCC"", ""direction"": [1, 1, -2], ""direction_basis"": ""validated_source_direction"", ""coefficient_step"": 0.5, ""full_vector_length_angstrom"": 8.619559103999961, ""length_basis"": ""measured_far_field_translation"", ""nearest_allowed_count"": 8.5, ""nearest_length_error_angstrom"": 0.08773871289642443, ""nominal_count"": 8.5, ""indexing_validated"": true}}, ""nominal_counts"": {""upper"": 21.0, ""lower"": 8.5}, ""length_tolerance_angstrom"": 0.7464945855251909, ""reasons"": [], ""meaning"": ""Necessary pure-x Bravais-lattice closure only; not sufficient for a GB supercell, chemical-order repeat, or a selected PBC size.""}",,,,,,
P023,73.62143379184849,7.3621433791848485,0.41694497650439794,0.4586520017860914,0.16756115232010393,0.1843223021356853,0.4797843665768194,0.42162162162162165,0.41694497650439794,0.0,,,,,,weak_or_unresolved_alternative,outside_observable_band,,,,,,outside_observable_band,,,,,,,,≈ 20.93 : 8.54,21[0 0 -1] : 8.5[1 1 -2],upper [0 0 -1] : lower [1 1 -2],validated_cubic_translation_grid,upper [0 0 -1] : lower [1 1 -2],validated_source_direction,validated_source_direction,0.12649154180258607,False,compatible,True,"{""status"": ""compatible"", ""eligible"": true, ""grains"": {""upper"": {""lattice"": ""FCC"", ""direction"": [0, 0, -1], ""direction_basis"": ""validated_source_direction"", ""coefficient_step"": 1.0, ""full_vector_length_angstrom"": 3.517336991999997, ""length_basis"": ""measured_far_field_translation"", ""nearest_allowed_count"": 21.0, ""nearest_length_error_angstrom"": 0.24264304015144944, ""nominal_count"": 21.0, ""indexing_validated"": true}, ""lower"": {""lattice"": ""FCC"", ""direction"": [1, 1, -2], ""direction_basis"": ""validated_source_direction"", ""coefficient_step"": 0.5, ""full_vector_length_angstrom"": 8.619559103999961, ""length_basis"": ""measured_far_field_translation"", ""nearest_allowed_count"": 8.5, ""nearest_length_error_angstrom"": 0.3551814078488178, ""nominal_count"": 8.5, ""indexing_validated"": true}}, ""nominal_counts"": {""upper"": 21.0, ""lower"": 8.5}, ""length_tolerance_angstrom"": 0.7464945855251909, ""reasons"": [], ""meaning"": ""Necessary pure-x Bravais-lattice closure only; not sufficient for a GB supercell, chemical-order repeat, or a selected PBC size.""}",,,,,,
P024,77.49609123865527,7.749609123865527,0.10516990741075977,0.11005008341915229,0.042265507124918354,0.04422674412637327,0.9784366576819407,0.972972972972973,0.10516990741075977,0.0,,,,,geometric_repeat_candidate,candidate,outside_observable_band,,,,,,outside_observable_band,,,,,,,,≈ 22.03 : 8.99,22[0 0 -1] : 9[1 1 -2],upper [0 0 -1] : lower [1 1 -2],validated_cubic_translation_grid,upper [0 0 -1] : lower [1 1 -2],validated_source_direction,validated_source_direction,0.2769697348702815,False,compatible,True,"{""status"": ""compatible"", ""eligible"": true, ""grains"": {""upper"": {""lattice"": ""FCC"", ""direction"": [0, 0, -1], ""direction_basis"": ""validated_source_direction"", ""coefficient_step"": 1.0, ""full_vector_length_angstrom"": 3.517336991999997, ""length_basis"": ""measured_far_field_translation"", ""nearest_allowed_count"": 22.0, ""nearest_length_error_angstrom"": 0.11467741465533265, ""nominal_count"": 22.0, ""indexing_validated"": true}, ""lower"": {""lattice"": ""FCC"", ""direction"": [1, 1, -2], ""direction_basis"": ""validated_source_direction"", ""coefficient_step"": 0.5, ""full_vector_length_angstrom"": 8.619559103999961, ""length_basis"": ""measured_far_field_translation"", ""nearest_allowed_count"": 9.0, ""nearest_length_error_angstrom"": 0.0799406973443837, ""nominal_count"": 9.0, ""indexing_validated"": true}}, ""nominal_counts"": {""upper"": 22.0, ""lower"": 9.0}, ""length_tolerance_angstrom"": 0.7464945855251909, ""reasons"": [], ""meaning"": ""Necessary pure-x Bravais-lattice closure only; not sufficient for a GB supercell, chemical-order repeat, or a selected PBC size.""}",,,,,,
P025,79.62662040851603,7.962662040851603,1.3207659538028313,1.3323819695774384,0.5307872204620008,0.5354554455234463,0.0,0.0,0.9199986733484005,-3.756708152850842,,,,,,weak_or_unresolved_alternative,outside_observable_band,,,,,,outside_observable_band,,,,,,,,≈ 22.64 : 9.24,≈ 22.64[0 0 -1] : 9.24[1 1 -2],upper [0 0 -1] : lower [1 1 -2],measured_relaxed_counts,upper [0 0 -1] : lower [1 1 -2],validated_source_direction,validated_source_direction,0.022008218261667923,False,incompatible,False,"{""status"": ""incompatible"", ""eligible"": false, ""grains"": {""upper"": {""lattice"": ""FCC"", ""direction"": [0, 0, -1], ""direction_basis"": ""validated_source_direction"", ""coefficient_step"": 1.0, ""full_vector_length_angstrom"": 3.517336991999997, ""length_basis"": ""measured_far_field_translation"", ""nearest_allowed_count"": 23.0, ""nearest_length_error_angstrom"": 1.2721304074838997, ""nominal_count"": null, ""indexing_validated"": true}, ""lower"": {""lattice"": ""FCC"", ""direction"": [1, 1, -2], ""direction_basis"": ""validated_source_direction"", ""coefficient_step"": 0.5, ""full_vector_length_angstrom"": 8.619559103999961, ""length_basis"": ""measured_far_field_translation"", ""nearest_allowed_count"": 9.0, ""nearest_length_error_angstrom"": 2.050588472516381, ""nominal_count"": null, ""indexing_validated"": true}}, ""nominal_counts"": null, ""length_tolerance_angstrom"": 0.7464945855251909, ""reasons"": [""upper_outside_allowed_translation_grid"", ""lower_outside_allowed_translation_grid""], ""meaning"": ""Necessary pure-x Bravais-lattice closure only; not sufficient for a GB supercell, chemical-order repeat, or a selected PBC size.""}",,,,,,
P026,80.11930683496297,8.011930683496297,1.114892726087396,1.1380656484998974,0.44805123079480386,0.45736392623633815,0.02425876010781671,0.04864864864864865,0.9988778138457088,-0.29859783421007635,,,,,,weak_or_unresolved_alternative,outside_observable_band,,,,,,outside_observable_band,,,,,,,,≈ 22.78 : 9.3,≈ 22.78[0 0 -1] : 9.3[1 1 -2],upper [0 0 -1] : lower [1 1 -2],measured_relaxed_counts,upper [0 0 -1] : lower [1 1 -2],validated_source_direction,validated_source_direction,0.029684983769681768,False,incompatible,False,"{""status"": ""incompatible"", ""eligible"": false, ""grains"": {""upper"": {""lattice"": ""FCC"", ""direction"": [0, 0, -1], ""direction_basis"": ""validated_source_direction"", ""coefficient_step"": 1.0, ""full_vector_length_angstrom"": 3.517336991999997, ""length_basis"": ""measured_far_field_translation"", ""nearest_allowed_count"": 23.0, ""nearest_length_error_angstrom"": 0.7794439810369624, ""nominal_count"": null, ""indexing_validated"": true}, ""lower"": {""lattice"": ""FCC"", ""direction"": [1, 1, -2], ""direction_basis"": ""validated_source_direction"", ""coefficient_step"": 0.5, ""full_vector_length_angstrom"": 8.619559103999961, ""length_basis"": ""measured_far_field_translation"", ""nearest_allowed_count"": 9.5, ""nearest_length_error_angstrom"": 1.7665046530366624, ""nominal_count"": null, ""indexing_validated"": true}}, ""nominal_counts"": null, ""length_tolerance_angstrom"": 0.7464945855251909, ""reasons"": [""upper_outside_allowed_translation_grid"", ""lower_outside_allowed_translation_grid""], ""meaning"": ""Necessary pure-x Bravais-lattice closure only; not sufficient for a GB supercell, chemical-order repeat, or a selected PBC size.""}",,,,,,
P027,81.36790982224592,8.136790982224593,0.49245557745338736,0.5199450762169762,0.19790722679130637,0.20895466074325475,0.21293800539083557,0.2864864864864865,0.49245557745338736,0.0,,,,,,weak_or_unresolved_alternative,outside_observable_band,,,,,,outside_observable_band,,,,,,,,≈ 23.13 : 9.44,23[0 0 -1] : 9.5[1 1 -2],upper [0 0 -1] : lower [1 1 -2],validated_cubic_translation_grid,upper [0 0 -1] : lower [1 1 -2],validated_source_direction,validated_source_direction,0.10574030960075184,False,compatible,True,"{""status"": ""compatible"", ""eligible"": true, ""grains"": {""upper"": {""lattice"": ""FCC"", ""direction"": [0, 0, -1], ""direction_basis"": ""validated_source_direction"", ""coefficient_step"": 1.0, ""full_vector_length_angstrom"": 3.517336991999997, ""length_basis"": ""measured_far_field_translation"", ""nearest_allowed_count"": 23.0, ""nearest_length_error_angstrom"": 0.46915900624598805, ""nominal_count"": 23.0, ""indexing_validated"": true}, ""lower"": {""lattice"": ""FCC"", ""direction"": [1, 1, -2], ""direction_basis"": ""validated_source_direction"", ""coefficient_step"": 0.5, ""full_vector_length_angstrom"": 8.619559103999961, ""length_basis"": ""measured_far_field_translation"", ""nearest_allowed_count"": 9.5, ""nearest_length_error_angstrom"": 0.5179016657537119, ""nominal_count"": 9.5, ""indexing_validated"": true}}, ""nominal_counts"": {""upper"": 23.0, ""lower"": 9.5}, ""length_tolerance_angstrom"": 0.7464945855251909, ""reasons"": [], ""meaning"": ""Necessary pure-x Bravais-lattice closure only; not sufficient for a GB supercell, chemical-order repeat, or a selected PBC size.""}",,,,,,
P028,81.87595996807863,8.187595996807863,0.7064105935889624,0.722544762014368,0.28389111212051416,0.29037508483977553,0.42048517520215634,0.4,0.7064105935889624,0.0,,,,,,weak_or_unresolved_alternative,outside_observable_band,,,,,,outside_observable_band,,,,,,,,≈ 23.28 : 9.5,≈ 23.28[0 0 -1] : 9.5[1 1 -2],upper [0 0 -1] : lower [1 1 -2],measured_relaxed_counts,upper [0 0 -1] : lower [1 1 -2],validated_source_direction,validated_source_direction,0.0643329519575469,False,incompatible,False,"{""status"": ""incompatible"", ""eligible"": false, ""grains"": {""upper"": {""lattice"": ""FCC"", ""direction"": [0, 0, -1], ""direction_basis"": ""validated_source_direction"", ""coefficient_step"": 1.0, ""full_vector_length_angstrom"": 3.517336991999997, ""length_basis"": ""measured_far_field_translation"", ""nearest_allowed_count"": 23.0, ""nearest_length_error_angstrom"": 0.9772091520787001, ""nominal_count"": null, ""indexing_validated"": true}, ""lower"": {""lattice"": ""FCC"", ""direction"": [1, 1, -2], ""direction_basis"": ""validated_source_direction"", ""coefficient_step"": 0.5, ""full_vector_length_angstrom"": 8.619559103999961, ""length_basis"": ""measured_far_field_translation"", ""nearest_allowed_count"": 9.5, ""nearest_length_error_angstrom"": 0.009851519920999863, ""nominal_count"": null, ""indexing_validated"": true}}, ""nominal_counts"": null, ""length_tolerance_angstrom"": 0.7464945855251909, ""reasons"": [""upper_outside_allowed_translation_grid""], ""meaning"": ""Necessary pure-x Bravais-lattice closure only; not sufficient for a GB supercell, chemical-order repeat, or a selected PBC size.""}",,,,,,
P029,83.97534355700373,8.397534355700373,0.9576602961642987,0.9817854478916711,0.3848629238846563,0.39455829965636374,0.07816711590296496,0.14594594594594595,0.7168170094221348,-0.572312515569313,,,,,,weak_or_unresolved_alternative,outside_observable_band,,,,,,outside_observable_band,,,,,,,,≈ 23.87 : 9.74,≈ 23.87[0 0 -1] : 9.74[1 1 -2],upper [0 0 -1] : lower [1 1 -2],measured_relaxed_counts,upper [0 0 -1] : lower [1 1 -2],validated_source_direction,validated_source_direction,0.03872277913326253,False,incompatible,False,"{""status"": ""incompatible"", ""eligible"": false, ""grains"": {""upper"": {""lattice"": ""FCC"", ""direction"": [0, 0, -1], ""direction_basis"": ""validated_source_direction"", ""coefficient_step"": 1.0, ""full_vector_length_angstrom"": 3.517336991999997, ""length_basis"": ""measured_far_field_translation"", ""nearest_allowed_count"": 24.0, ""nearest_length_error_angstrom"": 0.44074425099620385, ""nominal_count"": null, ""indexing_validated"": true}, ""lower"": {""lattice"": ""FCC"", ""direction"": [1, 1, -2], ""direction_basis"": ""validated_source_direction"", ""coefficient_step"": 0.5, ""full_vector_length_angstrom"": 8.619559103999961, ""length_basis"": ""measured_far_field_translation"", ""nearest_allowed_count"": 9.5, ""nearest_length_error_angstrom"": 2.0895320690040933, ""nominal_count"": null, ""indexing_validated"": true}}, ""nominal_counts"": null, ""length_tolerance_angstrom"": 0.7464945855251909, ""reasons"": [""lower_outside_allowed_translation_grid""], ""meaning"": ""Necessary pure-x Bravais-lattice closure only; not sufficient for a GB supercell, chemical-order repeat, or a selected PBC size.""}",,,,,,
P030,84.27394139121405,8.427394139121406,0.9095069766215854,0.9349258908430478,0.3655111480741853,0.37572645896096646,0.2991913746630728,0.1783783783783784,0.7168170094221342,-0.572312515569313,,,,,,weak_or_unresolved_alternative,outside_observable_band,,,,,,outside_observable_band,,,,,,,,≈ 23.96 : 9.78,≈ 23.96[0 0 -1] : 9.78[1 1 -2],upper [0 0 -1] : lower [1 1 -2],measured_relaxed_counts,upper [0 0 -1] : lower [1 1 -2],validated_source_direction,validated_source_direction,0.04224169204944165,False,incompatible,False,"{""status"": ""incompatible"", ""eligible"": false, ""grains"": {""upper"": {""lattice"": ""FCC"", ""direction"": [0, 0, -1], ""direction_basis"": ""validated_source_direction"", ""coefficient_step"": 1.0, ""full_vector_length_angstrom"": 3.517336991999997, ""length_basis"": ""measured_far_field_translation"", ""nearest_allowed_count"": 24.0, ""nearest_length_error_angstrom"": 0.14214641678587725, ""nominal_count"": null, ""indexing_validated"": true}, ""lower"": {""lattice"": ""FCC"", ""direction"": [1, 1, -2], ""direction_basis"": ""validated_source_direction"", ""coefficient_step"": 0.5, ""full_vector_length_angstrom"": 8.619559103999961, ""length_basis"": ""measured_far_field_translation"", ""nearest_allowed_count"": 10.0, ""nearest_length_error_angstrom"": 1.9216496487855608, ""nominal_count"": null, ""indexing_validated"": true}}, ""nominal_counts"": null, ""length_tolerance_angstrom"": 0.7464945855251909, ""reasons"": [""lower_outside_allowed_translation_grid""], ""meaning"": ""Necessary pure-x Bravais-lattice closure only; not sufficient for a GB supercell, chemical-order repeat, or a selected PBC size.""}",,,,,,
